
> bsr-frontend@0.0.0 start
> ng serve

[33m>[39m Building...
[32m√[39m Building...
[1mInitial chunk files[22m[2m | [22m[1mNames[22m        [2m | [22m[1mRaw size[22m
[32mstyles.css[39m         [2m | [22m[2mstyles[22m       [2m | [22m[36m44.51 kB[39m[2m | [22m
[32mmain.js[39m            [2m | [22m[2mmain[22m         [2m | [22m[36m28.94 kB[39m[2m | [22m
[32mchunk-EE7FOLC4.js[39m  [2m | [22m[2m-[22m            [2m | [22m [36m7.68 kB[39m[2m | [22m

[1m [22m                  [2m | [22m[1mInitial total[22m[2m | [22m[1m81.13 kB[22m

[1mLazy chunk files[22m   [2m | [22m[1mNames[22m        [2m | [22m[1mRaw size[22m
[32mchunk-2POTOUX4.js[39m  [2m | [22m[2mlayout[22m       [2m | [22m[36m25.63 kB[39m[2m | [22m
[32mchunk-KHWPDHQC.js[39m  [2m | [22m[2mlogin[22m        [2m | [22m[36m19.45 kB[39m[2m | [22m
[32mchunk-DYFUPHYL.js[39m  [2m | [22m[2m-[22m            [2m | [22m [36m2.95 kB[39m[2m | [22m

Application bundle generation complete. [4.569 seconds] - 2026-03-21T13:42:25.896Z

Watch mode enabled. Watching for file changes...
NOTE: Raw file sizes do not reflect development server per-request transformations.
[2m2:42:26 p. m.[22m [36m[1m[vite][22m[39m [90m[2m(client)[22m[39m Re-optimizing dependencies because lockfile has changed
  [32m➜[39m  [1mLocal[22m:   [36mhttp://localhost:[1m4200[22m/[39m
[33m>[39m Changes detected. Rebuilding...
[32m√[39m Changes detected. Rebuilding...
[1mInitial chunk files[22m[2m | [22m[1mNames[22m[2m | [22m[1mRaw size[22m
[32mmain.js[39m            [2m | [22m[2mmain[22m [2m | [22m[36m28.94 kB[39m[2m | [22m

[1mLazy chunk files[22m   [2m | [22m[1mNames[22m[2m | [22m[1mRaw size[22m
[32mchunk-QXZOPDCE.js[39m  [2m | [22m[2mlogin[22m[2m | [22m[36m19.39 kB[39m[2m | [22m

Application bundle generation complete. [1.104 seconds] - 2026-03-21T13:45:27.544Z

Component update sent to client(s).
[33m>[39m Changes detected. Rebuilding...
[32m√[39m Changes detected. Rebuilding...
[1mInitial chunk files[22m[2m | [22m[1mNames[22m[2m | [22m[1mRaw size[22m
[32mmain.js[39m            [2m | [22m[2mmain[22m [2m | [22m[36m28.94 kB[39m[2m | [22m

[1mLazy chunk files[22m   [2m | [22m[1mNames[22m[2m | [22m[1mRaw size[22m
[32mchunk-UR6VBL6F.js[39m  [2m | [22m[2mlogin[22m[2m | [22m[36m19.39 kB[39m[2m | [22m

Application bundle generation complete. [0.579 seconds] - 2026-03-21T13:50:46.449Z

Page reload sent to client(s).
[33m>[39m Changes detected. Rebuilding...
[32m√[39m Changes detected. Rebuilding...
[1mInitial chunk files[22m[2m | [22m[1mNames[22m[2m | [22m[1mRaw size[22m
[32mmain.js[39m            [2m | [22m[2mmain[22m [2m | [22m[36m28.94 kB[39m[2m | [22m

[1mLazy chunk files[22m   [2m | [22m[1mNames[22m[2m | [22m[1mRaw size[22m
[32mchunk-6AUDUL7C.js[39m  [2m | [22m[2mlogin[22m[2m | [22m[36m19.38 kB[39m[2m | [22m

Application bundle generation complete. [0.466 seconds] - 2026-03-21T13:51:55.782Z

Component update sent to client(s).
[33m>[39m Changes detected. Rebuilding...
[32m√[39m Changes detected. Rebuilding...
[1mInitial chunk files[22m[2m | [22m[1mNames[22m[2m | [22m[1mRaw size[22m
[32mmain.js[39m            [2m | [22m[2mmain[22m [2m | [22m[36m28.94 kB[39m[2m | [22m

[1mLazy chunk files[22m   [2m | [22m[1mNames[22m[2m | [22m[1mRaw size[22m
[32mchunk-4FSDCHUT.js[39m  [2m | [22m[2mlogin[22m[2m | [22m[36m19.41 kB[39m[2m | [22m

Application bundle generation complete. [0.451 seconds] - 2026-03-21T13:52:08.187Z

Component update sent to client(s).
[33m>[39m Changes detected. Rebuilding...
[32m√[39m Changes detected. Rebuilding...
[1mInitial chunk files[22m[2m | [22m[1mNames[22m [2m | [22m[1mRaw size[22m
[32mstyles.css[39m         [2m | [22m[2mstyles[22m[2m | [22m[36m44.62 kB[39m[2m | [22m
[32mmain.js[39m            [2m | [22m[2mmain[22m  [2m | [22m[36m28.94 kB[39m[2m | [22m

[1mLazy chunk files[22m   [2m | [22m[1mNames[22m [2m | [22m[1mRaw size[22m
[32mchunk-O6XW6SBN.js[39m  [2m | [22m[2mlogin[22m [2m | [22m[36m19.38 kB[39m[2m | [22m

Application bundle generation complete. [0.445 seconds] - 2026-03-21T13:52:35.402Z

Stylesheet update sent to client(s).
Component update sent to client(s).
[33m>[39m Changes detected. Rebuilding...
[32m√[39m Changes detected. Rebuilding...
[1mInitial chunk files[22m[2m | [22m[1mNames[22m[2m | [22m[1mRaw size[22m
[32mmain.js[39m            [2m | [22m[2mmain[22m [2m | [22m[36m28.94 kB[39m[2m | [22m

[1mLazy chunk files[22m   [2m | [22m[1mNames[22m[2m | [22m[1mRaw size[22m
[32mchunk-MMVFVD6T.js[39m  [2m | [22m[2mlogin[22m[2m | [22m[36m19.34 kB[39m[2m | [22m

Application bundle generation complete. [0.466 seconds] - 2026-03-21T13:53:32.341Z

Component update sent to client(s).
[33m>[39m Changes detected. Rebuilding...
[32m√[39m Changes detected. Rebuilding...
[1mInitial chunk files[22m[2m | [22m[1mNames[22m[2m | [22m[1mRaw size[22m
[32mmain.js[39m            [2m | [22m[2mmain[22m [2m | [22m[36m28.94 kB[39m[2m | [22m

[1mLazy chunk files[22m   [2m | [22m[1mNames[22m[2m | [22m[1mRaw size[22m
[32mchunk-FRAG4G5C.js[39m  [2m | [22m[2mlogin[22m[2m | [22m[36m19.12 kB[39m[2m | [22m

Application bundle generation complete. [0.461 seconds] - 2026-03-21T14:00:04.931Z

Component update sent to client(s).
[33m>[39m Changes detected. Rebuilding...
[32m√[39m Changes detected. Rebuilding...
[1mInitial chunk files[22m[2m | [22m[1mNames[22m[2m | [22m[1mRaw size[22m
[32mmain.js[39m            [2m | [22m[2mmain[22m [2m | [22m[36m28.94 kB[39m[2m | [22m

[1mLazy chunk files[22m   [2m | [22m[1mNames[22m[2m | [22m[1mRaw size[22m
[32mchunk-Q6RBVVZX.js[39m  [2m | [22m[2mlogin[22m[2m | [22m[36m19.14 kB[39m[2m | [22m

Application bundle generation complete. [0.363 seconds] - 2026-03-21T14:00:50.244Z

Component update sent to client(s).
[33m>[39m Changes detected. Rebuilding...
[32m√[39m Changes detected. Rebuilding...
[1mInitial chunk files[22m[2m | [22m[1mNames[22m [2m | [22m[1mRaw size[22m
[32mstyles.css[39m         [2m | [22m[2mstyles[22m[2m | [22m[36m44.71 kB[39m[2m | [22m
[32mmain.js[39m            [2m | [22m[2mmain[22m  [2m | [22m[36m28.94 kB[39m[2m | [22m

[1mLazy chunk files[22m   [2m | [22m[1mNames[22m [2m | [22m[1mRaw size[22m
[32mchunk-ML2U6BQD.js[39m  [2m | [22m[2mlogin[22m [2m | [22m[36m19.14 kB[39m[2m | [22m

Application bundle generation complete. [0.394 seconds] - 2026-03-21T14:01:58.158Z

Stylesheet update sent to client(s).
Component update sent to client(s).
[33m>[39m Changes detected. Rebuilding...
[32m√[39m Changes detected. Rebuilding...
[1mInitial chunk files[22m[2m | [22m[1mNames[22m [2m | [22m[1mRaw size[22m
[32mstyles.css[39m         [2m | [22m[2mstyles[22m[2m | [22m[36m44.80 kB[39m[2m | [22m
[32mmain.js[39m            [2m | [22m[2mmain[22m  [2m | [22m[36m28.94 kB[39m[2m | [22m

[1mLazy chunk files[22m   [2m | [22m[1mNames[22m [2m | [22m[1mRaw size[22m
[32mchunk-4CL2CJE7.js[39m  [2m | [22m[2mlogin[22m [2m | [22m[36m19.18 kB[39m[2m | [22m

Application bundle generation complete. [0.464 seconds] - 2026-03-21T14:03:43.928Z

Stylesheet update sent to client(s).
Component update sent to client(s).
[33m>[39m Changes detected. Rebuilding...
[32m√[39m Changes detected. Rebuilding...
[1mInitial chunk files[22m[2m | [22m[1mNames[22m [2m | [22m[1mRaw size[22m
[32mstyles.css[39m         [2m | [22m[2mstyles[22m[2m | [22m[36m44.88 kB[39m[2m | [22m
[32mmain.js[39m            [2m | [22m[2mmain[22m  [2m | [22m[36m28.94 kB[39m[2m | [22m

[1mLazy chunk files[22m   [2m | [22m[1mNames[22m [2m | [22m[1mRaw size[22m
[32mchunk-QDL4XNPP.js[39m  [2m | [22m[2mlogin[22m [2m | [22m[36m19.18 kB[39m[2m | [22m

Application bundle generation complete. [0.453 seconds] - 2026-03-21T14:03:51.343Z

Stylesheet update sent to client(s).
Component update sent to client(s).
[33m>[39m Changes detected. Rebuilding...
[32m√[39m Changes detected. Rebuilding...
[1mInitial chunk files[22m[2m | [22m[1mNames[22m [2m | [22m[1mRaw size[22m
[32mstyles.css[39m         [2m | [22m[2mstyles[22m[2m | [22m[36m44.93 kB[39m[2m | [22m
[32mmain.js[39m            [2m | [22m[2mmain[22m  [2m | [22m[36m28.94 kB[39m[2m | [22m

[1mLazy chunk files[22m   [2m | [22m[1mNames[22m [2m | [22m[1mRaw size[22m
[32mchunk-RFULULVF.js[39m  [2m | [22m[2mlogin[22m [2m | [22m[36m19.18 kB[39m[2m | [22m

Application bundle generation complete. [0.420 seconds] - 2026-03-21T14:07:56.808Z

Stylesheet update sent to client(s).
Component update sent to client(s).
[33m>[39m Changes detected. Rebuilding...
[32m√[39m Changes detected. Rebuilding...
[1mInitial chunk files[22m[2m | [22m[1mNames[22m[2m | [22m[1mRaw size[22m
[32mmain.js[39m            [2m | [22m[2mmain[22m [2m | [22m[36m28.94 kB[39m[2m | [22m

[1mLazy chunk files[22m   [2m | [22m[1mNames[22m[2m | [22m[1mRaw size[22m
[32mchunk-3QWAQ6P2.js[39m  [2m | [22m[2mlogin[22m[2m | [22m[36m19.16 kB[39m[2m | [22m

Application bundle generation complete. [0.288 seconds] - 2026-03-21T14:08:01.476Z

Component update sent to client(s).
[33m>[39m Changes detected. Rebuilding...
[32m√[39m Changes detected. Rebuilding...
[1mInitial chunk files[22m[2m | [22m[1mNames[22m [2m | [22m[1mRaw size[22m
[32mstyles.css[39m         [2m | [22m[2mstyles[22m[2m | [22m[36m45.01 kB[39m[2m | [22m
[32mmain.js[39m            [2m | [22m[2mmain[22m  [2m | [22m[36m28.94 kB[39m[2m | [22m

[1mLazy chunk files[22m   [2m | [22m[1mNames[22m [2m | [22m[1mRaw size[22m
[32mchunk-KSFXQ4A3.js[39m  [2m | [22m[2mlogin[22m [2m | [22m[36m19.17 kB[39m[2m | [22m

Application bundle generation complete. [0.461 seconds] - 2026-03-21T14:08:16.917Z

Stylesheet update sent to client(s).
Component update sent to client(s).
[33m>[39m Changes detected. Rebuilding...
[32m√[39m Changes detected. Rebuilding...
[1mInitial chunk files[22m[2m | [22m[1mNames[22m[2m | [22m[1mRaw size[22m
[32mmain.js[39m            [2m | [22m[2mmain[22m [2m | [22m[36m28.94 kB[39m[2m | [22m

[1mLazy chunk files[22m   [2m | [22m[1mNames[22m[2m | [22m[1mRaw size[22m
[32mchunk-T5LZ6UDD.js[39m  [2m | [22m[2mlogin[22m[2m | [22m[36m19.18 kB[39m[2m | [22m

Application bundle generation complete. [0.441 seconds] - 2026-03-21T14:09:41.068Z

Component update sent to client(s).
[33m>[39m Changes detected. Rebuilding...
[32m√[39m Changes detected. Rebuilding...
[1mInitial chunk files[22m[2m | [22m[1mNames[22m [2m | [22m[1mRaw size[22m
[32mstyles.css[39m         [2m | [22m[2mstyles[22m[2m | [22m[36m45.18 kB[39m[2m | [22m
[32mmain.js[39m            [2m | [22m[2mmain[22m  [2m | [22m[36m28.94 kB[39m[2m | [22m

[1mLazy chunk files[22m   [2m | [22m[1mNames[22m [2m | [22m[1mRaw size[22m
[32mchunk-UOLVUUS3.js[39m  [2m | [22m[2mlogin[22m [2m | [22m[36m19.26 kB[39m[2m | [22m

Application bundle generation complete. [0.417 seconds] - 2026-03-21T14:11:48.608Z

Stylesheet update sent to client(s).
Component update sent to client(s).
[33m>[39m Changes detected. Rebuilding...
[32m√[39m Changes detected. Rebuilding...
[1mInitial chunk files[22m[2m | [22m[1mNames[22m[2m | [22m[1mRaw size[22m
[32mmain.js[39m            [2m | [22m[2mmain[22m [2m | [22m[36m28.94 kB[39m[2m | [22m

[1mLazy chunk files[22m   [2m | [22m[1mNames[22m[2m | [22m[1mRaw size[22m
[32mchunk-FUQUTNSD.js[39m  [2m | [22m[2mlogin[22m[2m | [22m[36m19.26 kB[39m[2m | [22m

Application bundle generation complete. [0.439 seconds] - 2026-03-21T14:40:44.628Z

Component update sent to client(s).
[33m>[39m Changes detected. Rebuilding...
[32m√[39m Changes detected. Rebuilding...
[1mInitial chunk files[22m[2m | [22m[1mNames[22m[2m | [22m[1mRaw size[22m
[32mmain.js[39m            [2m | [22m[2mmain[22m [2m | [22m[36m28.94 kB[39m[2m | [22m

[1mLazy chunk files[22m   [2m | [22m[1mNames[22m[2m | [22m[1mRaw size[22m
[32mchunk-ZIACDGTR.js[39m  [2m | [22m[2mlogin[22m[2m | [22m[36m19.21 kB[39m[2m | [22m

Application bundle generation complete. [0.355 seconds] - 2026-03-21T14:44:01.033Z

Component update sent to client(s).
[33m>[39m Changes detected. Rebuilding...
[32m√[39m Changes detected. Rebuilding...
[1mInitial chunk files[22m[2m | [22m[1mNames[22m[2m | [22m[1mRaw size[22m
[32mmain.js[39m            [2m | [22m[2mmain[22m [2m | [22m[36m28.94 kB[39m[2m | [22m

[1mLazy chunk files[22m   [2m | [22m[1mNames[22m[2m | [22m[1mRaw size[22m
[32mchunk-I4KFZJBV.js[39m  [2m | [22m[2mlogin[22m[2m | [22m[36m19.16 kB[39m[2m | [22m

Application bundle generation complete. [0.337 seconds] - 2026-03-21T14:44:31.448Z

Component update sent to client(s).
[33m>[39m Changes detected. Rebuilding...
[32m√[39m Changes detected. Rebuilding...
[1mInitial chunk files[22m[2m | [22m[1mNames[22m[2m | [22m[1mRaw size[22m
[32mmain.js[39m            [2m | [22m[2mmain[22m [2m | [22m[36m28.94 kB[39m[2m | [22m

[1mLazy chunk files[22m   [2m | [22m[1mNames[22m[2m | [22m[1mRaw size[22m
[32mchunk-QARRSSFJ.js[39m  [2m | [22m[2mlogin[22m[2m | [22m[36m19.25 kB[39m[2m | [22m

Application bundle generation complete. [0.413 seconds] - 2026-03-21T14:45:04.031Z

Component update sent to client(s).
[33m>[39m Changes detected. Rebuilding...
[32m√[39m Changes detected. Rebuilding...
[1mInitial chunk files[22m[2m | [22m[1mNames[22m[2m | [22m[1mRaw size[22m
[32mmain.js[39m            [2m | [22m[2mmain[22m [2m | [22m[36m28.94 kB[39m[2m | [22m

[1mLazy chunk files[22m   [2m | [22m[1mNames[22m[2m | [22m[1mRaw size[22m
[32mchunk-PR657MEM.js[39m  [2m | [22m[2mlogin[22m[2m | [22m[36m19.20 kB[39m[2m | [22m

Application bundle generation complete. [0.391 seconds] - 2026-03-21T14:45:38.113Z

Component update sent to client(s).
[33m>[39m Changes detected. Rebuilding...
[32m√[39m Changes detected. Rebuilding...
[1mInitial chunk files[22m[2m | [22m[1mNames[22m[2m | [22m[1mRaw size[22m
[32mmain.js[39m            [2m | [22m[2mmain[22m [2m | [22m[36m28.94 kB[39m[2m | [22m

[1mLazy chunk files[22m   [2m | [22m[1mNames[22m[2m | [22m[1mRaw size[22m
[32mchunk-3EUAV6CF.js[39m  [2m | [22m[2mlogin[22m[2m | [22m[36m19.15 kB[39m[2m | [22m

Application bundle generation complete. [0.350 seconds] - 2026-03-21T14:46:03.256Z

Component update sent to client(s).
[33m>[39m Changes detected. Rebuilding...
[32m√[39m Changes detected. Rebuilding...
[1mInitial chunk files[22m[2m | [22m[1mNames[22m[2m | [22m[1mRaw size[22m
[32mmain.js[39m            [2m | [22m[2mmain[22m [2m | [22m[36m28.94 kB[39m[2m | [22m

[1mLazy chunk files[22m   [2m | [22m[1mNames[22m[2m | [22m[1mRaw size[22m
[32mchunk-UAV2PPSC.js[39m  [2m | [22m[2mlogin[22m[2m | [22m[36m19.15 kB[39m[2m | [22m

Application bundle generation complete. [0.419 seconds] - 2026-03-21T14:46:49.937Z

Component update sent to client(s).
[33m>[39m Changes detected. Rebuilding...
[32m√[39m Changes detected. Rebuilding...
[1mInitial chunk files[22m[2m | [22m[1mNames[22m[2m | [22m[1mRaw size[22m
[32mmain.js[39m            [2m | [22m[2mmain[22m [2m | [22m[36m28.94 kB[39m[2m | [22m

[1mLazy chunk files[22m   [2m | [22m[1mNames[22m[2m | [22m[1mRaw size[22m
[32mchunk-XGKMRBAF.js[39m  [2m | [22m[2mlogin[22m[2m | [22m[36m19.16 kB[39m[2m | [22m

Application bundle generation complete. [0.352 seconds] - 2026-03-21T14:47:12.962Z

Component update sent to client(s).
[33m>[39m Changes detected. Rebuilding...
[32m√[39m Changes detected. Rebuilding...
[1mInitial chunk files[22m[2m | [22m[1mNames[22m[2m | [22m[1mRaw size[22m
[32mmain.js[39m            [2m | [22m[2mmain[22m [2m | [22m[36m28.94 kB[39m[2m | [22m

[1mLazy chunk files[22m   [2m | [22m[1mNames[22m[2m | [22m[1mRaw size[22m
[32mchunk-E72364LN.js[39m  [2m | [22m[2mlogin[22m[2m | [22m[36m19.11 kB[39m[2m | [22m

Application bundle generation complete. [0.313 seconds] - 2026-03-21T14:47:47.608Z

Component update sent to client(s).
[33m>[39m Changes detected. Rebuilding...
[32m√[39m Changes detected. Rebuilding...
[1mInitial chunk files[22m[2m | [22m[1mNames[22m[2m | [22m[1mRaw size[22m
[32mmain.js[39m            [2m | [22m[2mmain[22m [2m | [22m[36m28.94 kB[39m[2m | [22m

[1mLazy chunk files[22m   [2m | [22m[1mNames[22m[2m | [22m[1mRaw size[22m
[32mchunk-JA62WQRX.js[39m  [2m | [22m[2mlogin[22m[2m | [22m[36m19.06 kB[39m[2m | [22m

Application bundle generation complete. [0.301 seconds] - 2026-03-21T14:48:25.020Z

Component update sent to client(s).
[33m>[39m Changes detected. Rebuilding...
[32m√[39m Changes detected. Rebuilding...
[1mInitial chunk files[22m[2m | [22m[1mNames[22m[2m | [22m[1mRaw size[22m
[32mmain.js[39m            [2m | [22m[2mmain[22m [2m | [22m[36m28.94 kB[39m[2m | [22m

[1mLazy chunk files[22m   [2m | [22m[1mNames[22m[2m | [22m[1mRaw size[22m
[32mchunk-VFFKRITC.js[39m  [2m | [22m[2mlogin[22m[2m | [22m[36m19.06 kB[39m[2m | [22m

Application bundle generation complete. [0.318 seconds] - 2026-03-21T14:49:52.905Z

Component update sent to client(s).
[33m>[39m Changes detected. Rebuilding...
[32m√[39m Changes detected. Rebuilding...
[1mInitial chunk files[22m[2m | [22m[1mNames[22m[2m | [22m[1mRaw size[22m
[32mmain.js[39m            [2m | [22m[2mmain[22m [2m | [22m[36m28.94 kB[39m[2m | [22m

[1mLazy chunk files[22m   [2m | [22m[1mNames[22m[2m | [22m[1mRaw size[22m
[32mchunk-SST7GVMV.js[39m  [2m | [22m[2mlogin[22m[2m | [22m[36m19.06 kB[39m[2m | [22m

Application bundle generation complete. [0.351 seconds] - 2026-03-21T14:50:07.140Z

Component update sent to client(s).
[33m>[39m Changes detected. Rebuilding...
[32m√[39m Changes detected. Rebuilding...
[1mInitial chunk files[22m[2m | [22m[1mNames[22m        [2m | [22m[1mRaw size[22m
[32mstyles.css[39m         [2m | [22m[2mstyles[22m       [2m | [22m[36m45.18 kB[39m[2m | [22m
[32mmain.js[39m            [2m | [22m[2mmain[22m         [2m | [22m[36m28.94 kB[39m[2m | [22m
[32mchunk-EE7FOLC4.js[39m  [2m | [22m[2m-[22m            [2m | [22m [36m7.68 kB[39m[2m | [22m

[1m [22m                  [2m | [22m[1mInitial total[22m[2m | [22m[1m81.79 kB[22m

[1mLazy chunk files[22m   [2m | [22m[1mNames[22m        [2m | [22m[1mRaw size[22m
[32mchunk-2POTOUX4.js[39m  [2m | [22m[2mlayout[22m       [2m | [22m[36m25.63 kB[39m[2m | [22m
[32mchunk-SST7GVMV.js[39m  [2m | [22m[2mlogin[22m        [2m | [22m[36m19.06 kB[39m[2m | [22m
[32mchunk-DYFUPHYL.js[39m  [2m | [22m[2m-[22m            [2m | [22m [36m2.95 kB[39m[2m | [22m

Application bundle generation complete. [0.214 seconds] - 2026-03-21T14:53:41.844Z

[33m>[39m Changes detected. Rebuilding...
[32m√[39m Changes detected. Rebuilding...
[1mInitial chunk files[22m[2m | [22m[1mNames[22m [2m | [22m[1mRaw size[22m
[32mmain.js[39m            [2m | [22m[2mmain[22m  [2m | [22m[36m37.17 kB[39m[2m | [22m
[32mchunk-HFE4QFGJ.js[39m  [2m | [22m[2m-[22m     [2m | [22m [36m7.70 kB[39m[2m | [22m
[32mchunk-IKI3WSWA.js[39m  [2m | [22m[2m-[22m     [2m | [22m [36m1.62 kB[39m[2m | [22m

[1mLazy chunk files[22m   [2m | [22m[1mNames[22m [2m | [22m[1mRaw size[22m
[32mchunk-TDDDW4NO.js[39m  [2m | [22m[2mlayout[22m[2m | [22m[36m25.56 kB[39m[2m | [22m
[32mchunk-X4TRR5GT.js[39m  [2m | [22m[2mlogin[22m [2m | [22m[36m17.48 kB[39m[2m | [22m

Application bundle generation complete. [0.512 seconds] - 2026-03-21T14:59:42.562Z

Page reload sent to client(s).
[33m>[39m Changes detected. Rebuilding...
[32m√[39m Changes detected. Rebuilding...
[1mInitial chunk files[22m[2m | [22m[1mNames[22m          [2m | [22m[1mRaw size[22m
[32mstyles.css[39m         [2m | [22m[2mstyles[22m         [2m | [22m[36m46.06 kB[39m[2m | [22m
[32mmain.js[39m            [2m | [22m[2mmain[22m           [2m | [22m[36m37.55 kB[39m[2m | [22m
[32mchunk-P5RSGMGP.js[39m  [2m | [22m[2m-[22m              [2m | [22m [36m6.67 kB[39m[2m | [22m
[32mchunk-PSGPVEXL.js[39m  [2m | [22m[2m-[22m              [2m | [22m [36m1.62 kB[39m[2m | [22m
[32mchunk-CZJLB7T5.js[39m  [2m | [22m[2m-[22m              [2m | [22m [36m1.08 kB[39m[2m | [22m

[1mLazy chunk files[22m   [2m | [22m[1mNames[22m          [2m | [22m[1mRaw size[22m
[32mchunk-6CWXLUQP.js[39m  [2m | [22m[2mlayout[22m         [2m | [22m[36m25.59 kB[39m[2m | [22m
[32mchunk-J6XY6XHU.js[39m  [2m | [22m[2mlogin[22m          [2m | [22m[36m17.51 kB[39m[2m | [22m
[32mchunk-YTNX46QP.js[39m  [2m | [22m[2mforgot-password[22m[2m | [22m [36m5.52 kB[39m[2m | [22m
[32mchunk-Q2YARQO4.js[39m  [2m | [22m[2mregister[22m       [2m | [22m [36m5.35 kB[39m[2m | [22m
[32mchunk-HA2SKCHD.js[39m  [2m | [22m[2mmain[22m           [2m | [22m [36m3.65 kB[39m[2m | [22m

Application bundle generation complete. [0.701 seconds] - 2026-03-21T15:00:09.461Z

Page reload sent to client(s).
[33m>[39m Changes detected. Rebuilding...
[32m√[39m Changes detected. Rebuilding...
[1mInitial chunk files[22m[2m | [22m[1mNames[22m[2m | [22m[1mRaw size[22m
[32mmain.js[39m            [2m | [22m[2mmain[22m [2m | [22m[36m37.55 kB[39m[2m | [22m

[1mLazy chunk files[22m   [2m | [22m[1mNames[22m[2m | [22m[1mRaw size[22m
[32mchunk-323LH6I6.js[39m  [2m | [22m[2mlogin[22m[2m | [22m[36m17.55 kB[39m[2m | [22m

Application bundle generation complete. [0.487 seconds] - 2026-03-21T15:00:32.174Z

Page reload sent to client(s).
[33m>[39m Changes detected. Rebuilding...
[32m√[39m Changes detected. Rebuilding...
[1mInitial chunk files[22m[2m | [22m[1mNames[22m [2m | [22m[1mRaw size[22m
[32mstyles.css[39m         [2m | [22m[2mstyles[22m[2m | [22m[36m46.23 kB[39m[2m | [22m
[32mmain.js[39m            [2m | [22m[2mmain[22m  [2m | [22m[36m37.55 kB[39m[2m | [22m

[1mLazy chunk files[22m   [2m | [22m[1mNames[22m [2m | [22m[1mRaw size[22m
[32mchunk-LC5OGQKR.js[39m  [2m | [22m[2mlogin[22m [2m | [22m[36m18.86 kB[39m[2m | [22m

Application bundle generation complete. [0.541 seconds] - 2026-03-21T15:02:42.555Z

Stylesheet update sent to client(s).
Component update sent to client(s).
[33m>[39m Changes detected. Rebuilding...
[32m√[39m Changes detected. Rebuilding...
Application bundle generation failed. [0.823 seconds] - 2026-03-21T15:14:58.052Z

[33m>[39m Changes detected. Rebuilding...
[32m√[39m Changes detected. Rebuilding...
[1mInitial chunk files[22m[2m | [22m[1mNames[22m          [2m | [22m[1mRaw size[22m
[32mstyles.css[39m         [2m | [22m[2mstyles[22m         [2m | [22m[36m46.23 kB[39m[2m | [22m
[32mmain.js[39m            [2m | [22m[2mmain[22m           [2m | [22m[36m37.55 kB[39m[2m | [22m
[32mchunk-VFUEZUG4.js[39m  [2m | [22m[2m-[22m              [2m | [22m [36m8.00 kB[39m[2m | [22m
[32mchunk-PSGPVEXL.js[39m  [2m | [22m[2m-[22m              [2m | [22m [36m1.62 kB[39m[2m | [22m
[32mchunk-CZJLB7T5.js[39m  [2m | [22m[2m-[22m              [2m | [22m [36m1.08 kB[39m[2m | [22m

[1m [22m                  [2m | [22m[1mInitial total[22m  [2m | [22m[1m94.48 kB[22m

[1mLazy chunk files[22m   [2m | [22m[1mNames[22m          [2m | [22m[1mRaw size[22m
[32mchunk-E2SIO22R.js[39m  [2m | [22m[2mlayout[22m         [2m | [22m[36m25.59 kB[39m[2m | [22m
[32mchunk-3X77YRTJ.js[39m  [2m | [22m[2mlogin[22m          [2m | [22m[36m18.86 kB[39m[2m | [22m
[32mchunk-YTNX46QP.js[39m  [2m | [22m[2mforgot-password[22m[2m | [22m [36m5.52 kB[39m[2m | [22m
[32mchunk-Q2YARQO4.js[39m  [2m | [22m[2mregister[22m       [2m | [22m [36m5.35 kB[39m[2m | [22m
[32mchunk-HA2SKCHD.js[39m  [2m | [22m[2mmain[22m           [2m | [22m [36m3.65 kB[39m[2m | [22m
[32mchunk-DYFUPHYL.js[39m  [2m | [22m[2m-[22m              [2m | [22m [36m2.95 kB[39m[2m | [22m

Application bundle generation complete. [0.392 seconds] - 2026-03-21T15:17:06.667Z

Page reload sent to client(s).
[33m>[39m Changes detected. Rebuilding...
[32m√[39m Changes detected. Rebuilding...
[1mInitial chunk files[22m[2m | [22m[1mNames[22m   [2m | [22m[1mRaw size[22m
[32mmain.js[39m            [2m | [22m[2mmain[22m    [2m | [22m[36m37.55 kB[39m[2m | [22m

[1mLazy chunk files[22m   [2m | [22m[1mNames[22m   [2m | [22m[1mRaw size[22m
[32mchunk-RZVICLUW.js[39m  [2m | [22m[2mregister[22m[2m | [22m [36m8.02 kB[39m[2m | [22m

Application bundle generation complete. [0.497 seconds] - 2026-03-21T15:17:27.900Z

Page reload sent to client(s).
[33m>[39m Changes detected. Rebuilding...
[32m√[39m Changes detected. Rebuilding...
[1mInitial chunk files[22m[2m | [22m[1mNames[22m   [2m | [22m[1mRaw size[22m
[32mstyles.css[39m         [2m | [22m[2mstyles[22m  [2m | [22m[36m46.73 kB[39m[2m | [22m
[32mmain.js[39m            [2m | [22m[2mmain[22m    [2m | [22m[36m37.55 kB[39m[2m | [22m

[1mLazy chunk files[22m   [2m | [22m[1mNames[22m   [2m | [22m[1mRaw size[22m
[32mchunk-FIY2ZTMG.js[39m  [2m | [22m[2mregister[22m[2m | [22m[36m12.47 kB[39m[2m | [22m

Application bundle generation complete. [0.399 seconds] - 2026-03-21T15:17:48.407Z

Stylesheet update sent to client(s).
Component update sent to client(s).
[33m>[39m Changes detected. Rebuilding...
[32m√[39m Changes detected. Rebuilding...
[1mInitial chunk files[22m[2m | [22m[1mNames[22m          [2m | [22m[1mRaw size[22m
[32mstyles.css[39m         [2m | [22m[2mstyles[22m         [2m | [22m[36m46.73 kB[39m[2m | [22m
[32mmain.js[39m            [2m | [22m[2mmain[22m           [2m | [22m[36m37.55 kB[39m[2m | [22m
[32mchunk-VFUEZUG4.js[39m  [2m | [22m[2m-[22m              [2m | [22m [36m8.00 kB[39m[2m | [22m
[32mchunk-PSGPVEXL.js[39m  [2m | [22m[2m-[22m              [2m | [22m [36m1.62 kB[39m[2m | [22m
[32mchunk-CZJLB7T5.js[39m  [2m | [22m[2m-[22m              [2m | [22m [36m1.08 kB[39m[2m | [22m

[1m [22m                  [2m | [22m[1mInitial total[22m  [2m | [22m[1m94.99 kB[22m

[1mLazy chunk files[22m   [2m | [22m[1mNames[22m          [2m | [22m[1mRaw size[22m
[32mchunk-E2SIO22R.js[39m  [2m | [22m[2mlayout[22m         [2m | [22m[36m25.59 kB[39m[2m | [22m
[32mchunk-3X77YRTJ.js[39m  [2m | [22m[2mlogin[22m          [2m | [22m[36m18.86 kB[39m[2m | [22m
[32mchunk-FIY2ZTMG.js[39m  [2m | [22m[2mregister[22m       [2m | [22m[36m12.47 kB[39m[2m | [22m
[32mchunk-YTNX46QP.js[39m  [2m | [22m[2mforgot-password[22m[2m | [22m [36m5.52 kB[39m[2m | [22m
[32mchunk-HA2SKCHD.js[39m  [2m | [22m[2mmain[22m           [2m | [22m [36m3.65 kB[39m[2m | [22m
[32mchunk-DYFUPHYL.js[39m  [2m | [22m[2m-[22m              [2m | [22m [36m2.95 kB[39m[2m | [22m

Application bundle generation complete. [0.063 seconds] - 2026-03-21T16:22:18.516Z

Page reload sent to client(s).
[33m>[39m Changes detected. Rebuilding...
[32m√[39m Changes detected. Rebuilding...
[1mInitial chunk files[22m[2m | [22m[1mNames[22m[2m | [22m[1mRaw size[22m
[32mmain.js[39m            [2m | [22m[2mmain[22m [2m | [22m[36m37.55 kB[39m[2m | [22m

[1mLazy chunk files[22m   [2m | [22m[1mNames[22m[2m | [22m[1mRaw size[22m
[32mchunk-FZEGPJ7J.js[39m  [2m | [22m[2mmain[22m [2m | [22m [36m3.09 kB[39m[2m | [22m

Application bundle generation complete. [0.391 seconds] - 2026-03-21T16:24:30.091Z

Component update sent to client(s).
[33m>[39m Changes detected. Rebuilding...
[32m√[39m Changes detected. Rebuilding...
[1mInitial chunk files[22m[2m | [22m[1mNames[22m[2m | [22m[1mRaw size[22m
[32mmain.js[39m            [2m | [22m[2mmain[22m [2m | [22m[36m37.55 kB[39m[2m | [22m

[1mLazy chunk files[22m   [2m | [22m[1mNames[22m[2m | [22m[1mRaw size[22m
[32mchunk-L6SU3THU.js[39m  [2m | [22m[2mmain[22m [2m | [22m [36m2.87 kB[39m[2m | [22m

Application bundle generation complete. [0.199 seconds] - 2026-03-21T16:25:34.532Z

Component update sent to client(s).
[33m>[39m Changes detected. Rebuilding...
[32m√[39m Changes detected. Rebuilding...
[1mInitial chunk files[22m[2m | [22m[1mNames[22m[2m | [22m[1mRaw size[22m
[32mmain.js[39m            [2m | [22m[2mmain[22m [2m | [22m[36m37.55 kB[39m[2m | [22m

[1mLazy chunk files[22m   [2m | [22m[1mNames[22m[2m | [22m[1mRaw size[22m
[32mchunk-RJVBHT3N.js[39m  [2m | [22m[2mmain[22m [2m | [22m [36m2.75 kB[39m[2m | [22m

Application bundle generation complete. [0.202 seconds] - 2026-03-21T16:25:50.426Z

Component update sent to client(s).
[33m>[39m Changes detected. Rebuilding...
[32m√[39m Changes detected. Rebuilding...
[1mInitial chunk files[22m[2m | [22m[1mNames[22m[2m | [22m[1mRaw size[22m
[32mmain.js[39m            [2m | [22m[2mmain[22m [2m | [22m[36m37.55 kB[39m[2m | [22m

[1mLazy chunk files[22m   [2m | [22m[1mNames[22m[2m | [22m[1mRaw size[22m
[32mchunk-IDH2HB4W.js[39m  [2m | [22m[2mmain[22m [2m | [22m [36m2.76 kB[39m[2m | [22m

Application bundle generation complete. [0.269 seconds] - 2026-03-21T16:27:59.185Z

Component update sent to client(s).
[33m>[39m Changes detected. Rebuilding...
[32m√[39m Changes detected. Rebuilding...
[1mInitial chunk files[22m[2m | [22m[1mNames[22m [2m | [22m[1mRaw size[22m
[32mstyles.css[39m         [2m | [22m[2mstyles[22m[2m | [22m[36m46.83 kB[39m[2m | [22m
[32mmain.js[39m            [2m | [22m[2mmain[22m  [2m | [22m[36m37.55 kB[39m[2m | [22m

[1mLazy chunk files[22m   [2m | [22m[1mNames[22m [2m | [22m[1mRaw size[22m
[32mchunk-HVILC4SL.js[39m  [2m | [22m[2mmain[22m  [2m | [22m [36m2.65 kB[39m[2m | [22m

Application bundle generation complete. [0.212 seconds] - 2026-03-21T16:28:20.528Z

Stylesheet update sent to client(s).
Component update sent to client(s).
[33m>[39m Changes detected. Rebuilding...
[32m√[39m Changes detected. Rebuilding...
[1mInitial chunk files[22m[2m | [22m[1mNames[22m[2m | [22m[1mRaw size[22m
[32mmain.js[39m            [2m | [22m[2mmain[22m [2m | [22m[36m37.55 kB[39m[2m | [22m

[1mLazy chunk files[22m   [2m | [22m[1mNames[22m[2m | [22m[1mRaw size[22m
[32mchunk-FH3Z5SBU.js[39m  [2m | [22m[2mmain[22m [2m | [22m [36m2.56 kB[39m[2m | [22m

Application bundle generation complete. [0.282 seconds] - 2026-03-21T16:29:16.984Z

Page reload sent to client(s).
[33m>[39m Changes detected. Rebuilding...
[32m√[39m Changes detected. Rebuilding...
[1mInitial chunk files[22m[2m | [22m[1mNames[22m [2m | [22m[1mRaw size[22m
[32mstyles.css[39m         [2m | [22m[2mstyles[22m[2m | [22m[36m46.94 kB[39m[2m | [22m
[32mmain.js[39m            [2m | [22m[2mmain[22m  [2m | [22m[36m37.55 kB[39m[2m | [22m

[1mLazy chunk files[22m   [2m | [22m[1mNames[22m [2m | [22m[1mRaw size[22m
[32mchunk-3F2UUE3L.js[39m  [2m | [22m[2mmain[22m  [2m | [22m [36m2.91 kB[39m[2m | [22m

Application bundle generation complete. [0.208 seconds] - 2026-03-21T16:31:35.104Z

Stylesheet update sent to client(s).
Component update sent to client(s).
[33m>[39m Changes detected. Rebuilding...
[32m√[39m Changes detected. Rebuilding...
[1mInitial chunk files[22m[2m | [22m[1mNames[22m [2m | [22m[1mRaw size[22m
[32mstyles.css[39m         [2m | [22m[2mstyles[22m[2m | [22m[36m46.97 kB[39m[2m | [22m
[32mmain.js[39m            [2m | [22m[2mmain[22m  [2m | [22m[36m37.55 kB[39m[2m | [22m

[1mLazy chunk files[22m   [2m | [22m[1mNames[22m [2m | [22m[1mRaw size[22m
[32mchunk-7ANX7GVD.js[39m  [2m | [22m[2mmain[22m  [2m | [22m [36m2.92 kB[39m[2m | [22m

Application bundle generation complete. [0.238 seconds] - 2026-03-21T16:31:46.636Z

Stylesheet update sent to client(s).
Component update sent to client(s).
[33m>[39m Changes detected. Rebuilding...
[32m√[39m Changes detected. Rebuilding...
[1mInitial chunk files[22m[2m | [22m[1mNames[22m [2m | [22m[1mRaw size[22m
[32mmain.js[39m            [2m | [22m[2mmain[22m  [2m | [22m[36m37.55 kB[39m[2m | [22m

[1mLazy chunk files[22m   [2m | [22m[1mNames[22m [2m | [22m[1mRaw size[22m
[32mchunk-2WEX56XY.js[39m  [2m | [22m[2mlayout[22m[2m | [22m[36m25.59 kB[39m[2m | [22m

Application bundle generation complete. [0.184 seconds] - 2026-03-21T16:33:32.729Z

Component update sent to client(s).
[33m>[39m Changes detected. Rebuilding...
[32m√[39m Changes detected. Rebuilding...
[1mInitial chunk files[22m[2m | [22m[1mNames[22m [2m | [22m[1mRaw size[22m
[32mmain.js[39m            [2m | [22m[2mmain[22m  [2m | [22m[36m37.55 kB[39m[2m | [22m

[1mLazy chunk files[22m   [2m | [22m[1mNames[22m [2m | [22m[1mRaw size[22m
[32mchunk-IO6NTHOU.js[39m  [2m | [22m[2mlayout[22m[2m | [22m[36m25.59 kB[39m[2m | [22m

Application bundle generation complete. [0.300 seconds] - 2026-03-21T16:37:18.353Z

Component update sent to client(s).
[33m>[39m Changes detected. Rebuilding...
[32m√[39m Changes detected. Rebuilding...
[1mInitial chunk files[22m[2m | [22m[1mNames[22m [2m | [22m[1mRaw size[22m
[32mmain.js[39m            [2m | [22m[2mmain[22m  [2m | [22m[36m37.55 kB[39m[2m | [22m

[1mLazy chunk files[22m   [2m | [22m[1mNames[22m [2m | [22m[1mRaw size[22m
[32mchunk-DTBO674K.js[39m  [2m | [22m[2mlayout[22m[2m | [22m[36m25.57 kB[39m[2m | [22m

Application bundle generation complete. [0.196 seconds] - 2026-03-21T16:38:17.043Z

Component update sent to client(s).
[33m>[39m Changes detected. Rebuilding...
[32m√[39m Changes detected. Rebuilding...
[1mInitial chunk files[22m[2m | [22m[1mNames[22m          [2m | [22m[1mRaw size[22m
[32mstyles.css[39m         [2m | [22m[2mstyles[22m         [2m | [22m[36m46.97 kB[39m[2m | [22m
[32mmain.js[39m            [2m | [22m[2mmain[22m           [2m | [22m[36m37.55 kB[39m[2m | [22m
[32mchunk-VFUEZUG4.js[39m  [2m | [22m[2m-[22m              [2m | [22m [36m8.00 kB[39m[2m | [22m
[32mchunk-PSGPVEXL.js[39m  [2m | [22m[2m-[22m              [2m | [22m [36m1.62 kB[39m[2m | [22m
[32mchunk-CZJLB7T5.js[39m  [2m | [22m[2m-[22m              [2m | [22m [36m1.08 kB[39m[2m | [22m

[1m [22m                  [2m | [22m[1mInitial total[22m  [2m | [22m[1m95.23 kB[22m

[1mLazy chunk files[22m   [2m | [22m[1mNames[22m          [2m | [22m[1mRaw size[22m
[32mchunk-DTBO674K.js[39m  [2m | [22m[2mlayout[22m         [2m | [22m[36m25.57 kB[39m[2m | [22m
[32mchunk-3X77YRTJ.js[39m  [2m | [22m[2mlogin[22m          [2m | [22m[36m18.86 kB[39m[2m | [22m
[32mchunk-FIY2ZTMG.js[39m  [2m | [22m[2mregister[22m       [2m | [22m[36m12.47 kB[39m[2m | [22m
[32mchunk-YTNX46QP.js[39m  [2m | [22m[2mforgot-password[22m[2m | [22m [36m5.52 kB[39m[2m | [22m
[32mchunk-DYFUPHYL.js[39m  [2m | [22m[2m-[22m              [2m | [22m [36m2.95 kB[39m[2m | [22m
[32mchunk-7ANX7GVD.js[39m  [2m | [22m[2mmain[22m           [2m | [22m [36m2.92 kB[39m[2m | [22m

Application bundle generation complete. [0.216 seconds] - 2026-03-21T16:38:23.314Z

Component update sent to client(s).
[33m>[39m Changes detected. Rebuilding...
[32m√[39m Changes detected. Rebuilding...
[1mInitial chunk files[22m[2m | [22m[1mNames[22m [2m | [22m[1mRaw size[22m
[32mmain.js[39m            [2m | [22m[2mmain[22m  [2m | [22m[36m37.55 kB[39m[2m | [22m

[1mLazy chunk files[22m   [2m | [22m[1mNames[22m [2m | [22m[1mRaw size[22m
[32mchunk-HDBF77Q5.js[39m  [2m | [22m[2mlayout[22m[2m | [22m[36m25.58 kB[39m[2m | [22m

Application bundle generation complete. [0.203 seconds] - 2026-03-21T16:38:31.524Z

Component update sent to client(s).
[33m>[39m Changes detected. Rebuilding...
[32m√[39m Changes detected. Rebuilding...
[1mInitial chunk files[22m[2m | [22m[1mNames[22m[2m | [22m[1mRaw size[22m
[32mmain.js[39m            [2m | [22m[2mmain[22m [2m | [22m[36m37.55 kB[39m[2m | [22m

[1mLazy chunk files[22m   [2m | [22m[1mNames[22m[2m | [22m[1mRaw size[22m
[32mchunk-ZL2PCJUY.js[39m  [2m | [22m[2mmain[22m [2m | [22m [36m2.91 kB[39m[2m | [22m

Application bundle generation complete. [0.297 seconds] - 2026-03-21T16:40:39.800Z

Component update sent to client(s).
[33m>[39m Changes detected. Rebuilding...
[32m√[39m Changes detected. Rebuilding...
[1mInitial chunk files[22m[2m | [22m[1mNames[22m [2m | [22m[1mRaw size[22m
[32mstyles.css[39m         [2m | [22m[2mstyles[22m[2m | [22m[36m47.05 kB[39m[2m | [22m
[32mmain.js[39m            [2m | [22m[2mmain[22m  [2m | [22m[36m37.55 kB[39m[2m | [22m

[1mLazy chunk files[22m   [2m | [22m[1mNames[22m [2m | [22m[1mRaw size[22m
[32mchunk-62ZWMGKJ.js[39m  [2m | [22m[2mlayout[22m[2m | [22m[36m25.58 kB[39m[2m | [22m
[32mchunk-OUMXKERF.js[39m  [2m | [22m[2mmain[22m  [2m | [22m [36m2.94 kB[39m[2m | [22m

Application bundle generation complete. [0.401 seconds] - 2026-03-21T16:42:04.423Z

Stylesheet update sent to client(s).
Component update sent to client(s).
[33m>[39m Changes detected. Rebuilding...
[32m√[39m Changes detected. Rebuilding...
[1mInitial chunk files[22m[2m | [22m[1mNames[22m [2m | [22m[1mRaw size[22m
[32mstyles.css[39m         [2m | [22m[2mstyles[22m[2m | [22m[36m47.59 kB[39m[2m | [22m
[32mmain.js[39m            [2m | [22m[2mmain[22m  [2m | [22m[36m37.55 kB[39m[2m | [22m

[1mLazy chunk files[22m   [2m | [22m[1mNames[22m [2m | [22m[1mRaw size[22m
[32mchunk-ACA4QWG7.js[39m  [2m | [22m[2mlayout[22m[2m | [22m[36m25.59 kB[39m[2m | [22m

Application bundle generation complete. [0.387 seconds] - 2026-03-21T16:42:12.613Z

Stylesheet update sent to client(s).
Component update sent to client(s).
[33m>[39m Changes detected. Rebuilding...
[32m√[39m Changes detected. Rebuilding...
Application bundle generation failed. [0.357 seconds] - 2026-03-21T16:47:13.100Z

[33m>[39m Changes detected. Rebuilding...
[32m√[39m Changes detected. Rebuilding...
[1mInitial chunk files[22m[2m | [22m[1mNames[22m          [2m | [22m[1mRaw size[22m
[32mstyles.css[39m         [2m | [22m[2mstyles[22m         [2m | [22m[36m47.59 kB[39m[2m | [22m
[32mmain.js[39m            [2m | [22m[2mmain[22m           [2m | [22m[36m37.55 kB[39m[2m | [22m
[32mchunk-L6TQ5N5E.js[39m  [2m | [22m[2m-[22m              [2m | [22m [36m8.03 kB[39m[2m | [22m
[32mchunk-PSGPVEXL.js[39m  [2m | [22m[2m-[22m              [2m | [22m [36m1.62 kB[39m[2m | [22m
[32mchunk-CZJLB7T5.js[39m  [2m | [22m[2m-[22m              [2m | [22m [36m1.08 kB[39m[2m | [22m

[1m [22m                  [2m | [22m[1mInitial total[22m  [2m | [22m[1m95.87 kB[22m

[1mLazy chunk files[22m   [2m | [22m[1mNames[22m          [2m | [22m[1mRaw size[22m
[32mchunk-ULK7SWR4.js[39m  [2m | [22m[2mlayout[22m         [2m | [22m[36m25.59 kB[39m[2m | [22m
[32mchunk-ICX3AYYF.js[39m  [2m | [22m[2mlogin[22m          [2m | [22m[36m18.86 kB[39m[2m | [22m
[32mchunk-XQXHPP7T.js[39m  [2m | [22m[2mregister[22m       [2m | [22m[36m12.47 kB[39m[2m | [22m
[32mchunk-YTNX46QP.js[39m  [2m | [22m[2mforgot-password[22m[2m | [22m [36m5.52 kB[39m[2m | [22m
[32mchunk-DYFUPHYL.js[39m  [2m | [22m[2m-[22m              [2m | [22m [36m2.95 kB[39m[2m | [22m
[32mchunk-OUMXKERF.js[39m  [2m | [22m[2mmain[22m           [2m | [22m [36m2.94 kB[39m[2m | [22m

Application bundle generation complete. [0.478 seconds] - 2026-03-21T16:48:06.796Z

Page reload sent to client(s).
[33m>[39m Changes detected. Rebuilding...
[32m√[39m Changes detected. Rebuilding...
[1mInitial chunk files[22m[2m | [22m[1mNames[22m [2m | [22m[1mRaw size[22m
[32mmain.js[39m            [2m | [22m[2mmain[22m  [2m | [22m[36m37.55 kB[39m[2m | [22m

[1mLazy chunk files[22m   [2m | [22m[1mNames[22m [2m | [22m[1mRaw size[22m
[32mchunk-AAKZHMNQ.js[39m  [2m | [22m[2mlayout[22m[2m | [22m[36m17.88 kB[39m[2m | [22m

Application bundle generation complete. [0.392 seconds] - 2026-03-21T16:48:55.103Z

Page reload sent to client(s).
[33m>[39m Changes detected. Rebuilding...
[32m√[39m Changes detected. Rebuilding...
[1mInitial chunk files[22m[2m | [22m[1mNames[22m   [2m | [22m[1mRaw size[22m
[32mmain.js[39m            [2m | [22m[2mmain[22m    [2m | [22m[36m37.55 kB[39m[2m | [22m
[32mchunk-UY4NM7BU.js[39m  [2m | [22m[2m-[22m       [2m | [22m [36m7.99 kB[39m[2m | [22m

[1mLazy chunk files[22m   [2m | [22m[1mNames[22m   [2m | [22m[1mRaw size[22m
[32mchunk-SZWDFPNP.js[39m  [2m | [22m[2mlogin[22m   [2m | [22m[36m18.86 kB[39m[2m | [22m
[32mchunk-IUAJRF5C.js[39m  [2m | [22m[2mlayout[22m  [2m | [22m[36m17.88 kB[39m[2m | [22m
[32mchunk-LNS7G73P.js[39m  [2m | [22m[2mregister[22m[2m | [22m[36m12.47 kB[39m[2m | [22m

Application bundle generation complete. [0.347 seconds] - 2026-03-21T16:50:03.017Z

Page reload sent to client(s).
[33m>[39m Changes detected. Rebuilding...
[32m√[39m Changes detected. Rebuilding...
[1mInitial chunk files[22m[2m | [22m[1mNames[22m          [2m | [22m[1mRaw size[22m
[32mstyles.css[39m         [2m | [22m[2mstyles[22m         [2m | [22m[36m47.59 kB[39m[2m | [22m
[32mmain.js[39m            [2m | [22m[2mmain[22m           [2m | [22m[36m37.55 kB[39m[2m | [22m
[32mchunk-UY4NM7BU.js[39m  [2m | [22m[2m-[22m              [2m | [22m [36m7.99 kB[39m[2m | [22m
[32mchunk-PSGPVEXL.js[39m  [2m | [22m[2m-[22m              [2m | [22m [36m1.62 kB[39m[2m | [22m
[32mchunk-CZJLB7T5.js[39m  [2m | [22m[2m-[22m              [2m | [22m [36m1.08 kB[39m[2m | [22m

[1m [22m                  [2m | [22m[1mInitial total[22m  [2m | [22m[1m95.83 kB[22m

[1mLazy chunk files[22m   [2m | [22m[1mNames[22m          [2m | [22m[1mRaw size[22m
[32mchunk-SZWDFPNP.js[39m  [2m | [22m[2mlogin[22m          [2m | [22m[36m18.86 kB[39m[2m | [22m
[32mchunk-IUAJRF5C.js[39m  [2m | [22m[2mlayout[22m         [2m | [22m[36m17.88 kB[39m[2m | [22m
[32mchunk-LNS7G73P.js[39m  [2m | [22m[2mregister[22m       [2m | [22m[36m12.47 kB[39m[2m | [22m
[32mchunk-YTNX46QP.js[39m  [2m | [22m[2mforgot-password[22m[2m | [22m [36m5.52 kB[39m[2m | [22m
[32mchunk-DYFUPHYL.js[39m  [2m | [22m[2m-[22m              [2m | [22m [36m2.95 kB[39m[2m | [22m
[32mchunk-OUMXKERF.js[39m  [2m | [22m[2mmain[22m           [2m | [22m [36m2.94 kB[39m[2m | [22m

Application bundle generation complete. [0.338 seconds] - 2026-03-21T16:51:55.811Z

[33m>[39m Changes detected. Rebuilding...
[32m√[39m Changes detected. Rebuilding...
[1mInitial chunk files[22m[2m | [22m[1mNames[22m          [2m | [22m[1mRaw size[22m
[32mstyles.css[39m         [2m | [22m[2mstyles[22m         [2m | [22m[36m47.59 kB[39m[2m | [22m
[32mmain.js[39m            [2m | [22m[2mmain[22m           [2m | [22m[36m37.55 kB[39m[2m | [22m
[32mchunk-UY4NM7BU.js[39m  [2m | [22m[2m-[22m              [2m | [22m [36m7.99 kB[39m[2m | [22m
[32mchunk-PSGPVEXL.js[39m  [2m | [22m[2m-[22m              [2m | [22m [36m1.62 kB[39m[2m | [22m
[32mchunk-CZJLB7T5.js[39m  [2m | [22m[2m-[22m              [2m | [22m [36m1.08 kB[39m[2m | [22m

[1m [22m                  [2m | [22m[1mInitial total[22m  [2m | [22m[1m95.83 kB[22m

[1mLazy chunk files[22m   [2m | [22m[1mNames[22m          [2m | [22m[1mRaw size[22m
[32mchunk-SZWDFPNP.js[39m  [2m | [22m[2mlogin[22m          [2m | [22m[36m18.86 kB[39m[2m | [22m
[32mchunk-IUAJRF5C.js[39m  [2m | [22m[2mlayout[22m         [2m | [22m[36m17.88 kB[39m[2m | [22m
[32mchunk-LNS7G73P.js[39m  [2m | [22m[2mregister[22m       [2m | [22m[36m12.47 kB[39m[2m | [22m
[32mchunk-YTNX46QP.js[39m  [2m | [22m[2mforgot-password[22m[2m | [22m [36m5.52 kB[39m[2m | [22m
[32mchunk-DYFUPHYL.js[39m  [2m | [22m[2m-[22m              [2m | [22m [36m2.95 kB[39m[2m | [22m
[32mchunk-OUMXKERF.js[39m  [2m | [22m[2mmain[22m           [2m | [22m [36m2.94 kB[39m[2m | [22m

Application bundle generation complete. [0.311 seconds] - 2026-03-21T16:54:33.273Z

[33m>[39m Changes detected. Rebuilding...
[32m√[39m Changes detected. Rebuilding...
[1mInitial chunk files[22m[2m | [22m[1mNames[22m   [2m | [22m[1mRaw size[22m
[32mstyles.css[39m         [2m | [22m[2mstyles[22m  [2m | [22m[36m47.94 kB[39m[2m | [22m
[32mmain.js[39m            [2m | [22m[2mmain[22m    [2m | [22m[36m37.52 kB[39m[2m | [22m
[32mchunk-V4G57IN6.js[39m  [2m | [22m[2m-[22m       [2m | [22m [36m9.59 kB[39m[2m | [22m

[1mLazy chunk files[22m   [2m | [22m[1mNames[22m   [2m | [22m[1mRaw size[22m
[32mchunk-6W7OQ46A.js[39m  [2m | [22m[2mlogin[22m   [2m | [22m[36m18.83 kB[39m[2m | [22m
[32mchunk-2LNCPWRO.js[39m  [2m | [22m[2mregister[22m[2m | [22m[36m12.43 kB[39m[2m | [22m
[32mchunk-45ZHSMZC.js[39m  [2m | [22m[2mlayout[22m  [2m | [22m [36m9.53 kB[39m[2m | [22m

Application bundle generation complete. [0.555 seconds] - 2026-03-21T16:59:26.155Z

Page reload sent to client(s).
[33m>[39m Changes detected. Rebuilding...
[32m√[39m Changes detected. Rebuilding...
[1mInitial chunk files[22m[2m | [22m[1mNames[22m [2m | [22m[1mRaw size[22m
[32mmain.js[39m            [2m | [22m[2mmain[22m  [2m | [22m[36m37.52 kB[39m[2m | [22m

[1mLazy chunk files[22m   [2m | [22m[1mNames[22m [2m | [22m[1mRaw size[22m
[32mchunk-W3FO36LE.js[39m  [2m | [22m[2mlayout[22m[2m | [22m [36m7.49 kB[39m[2m | [22m

Application bundle generation complete. [0.383 seconds] - 2026-03-21T16:59:38.974Z

Component update sent to client(s).
[33m>[39m Changes detected. Rebuilding...
[32m√[39m Changes detected. Rebuilding...
[1mInitial chunk files[22m[2m | [22m[1mNames[22m [2m | [22m[1mRaw size[22m
[32mmain.js[39m            [2m | [22m[2mmain[22m  [2m | [22m[36m37.52 kB[39m[2m | [22m

[1mLazy chunk files[22m   [2m | [22m[1mNames[22m [2m | [22m[1mRaw size[22m
[32mchunk-B5FCAMXT.js[39m  [2m | [22m[2mlayout[22m[2m | [22m [36m7.34 kB[39m[2m | [22m

Application bundle generation complete. [0.225 seconds] - 2026-03-21T17:00:35.878Z

Component update sent to client(s).
[33m>[39m Changes detected. Rebuilding...
[32m√[39m Changes detected. Rebuilding...
[1mInitial chunk files[22m[2m | [22m[1mNames[22m [2m | [22m[1mRaw size[22m
[32mmain.js[39m            [2m | [22m[2mmain[22m  [2m | [22m[36m37.52 kB[39m[2m | [22m

[1mLazy chunk files[22m   [2m | [22m[1mNames[22m [2m | [22m[1mRaw size[22m
[32mchunk-JXK7L7FK.js[39m  [2m | [22m[2mlayout[22m[2m | [22m [36m7.34 kB[39m[2m | [22m

Application bundle generation complete. [0.192 seconds] - 2026-03-21T17:00:39.008Z

Component update sent to client(s).
[33m>[39m Changes detected. Rebuilding...
[32m√[39m Changes detected. Rebuilding...
[1mInitial chunk files[22m[2m | [22m[1mNames[22m          [2m | [22m[1mRaw size[22m
[32mstyles.css[39m         [2m | [22m[2mstyles[22m         [2m | [22m[36m47.94 kB[39m[2m | [22m
[32mmain.js[39m            [2m | [22m[2mmain[22m           [2m | [22m[36m37.52 kB[39m[2m | [22m
[32mchunk-V4G57IN6.js[39m  [2m | [22m[2m-[22m              [2m | [22m [36m9.59 kB[39m[2m | [22m
[32mchunk-CZJLB7T5.js[39m  [2m | [22m[2m-[22m              [2m | [22m [36m1.08 kB[39m[2m | [22m

[1m [22m                  [2m | [22m[1mInitial total[22m  [2m | [22m[1m96.12 kB[22m

[1mLazy chunk files[22m   [2m | [22m[1mNames[22m          [2m | [22m[1mRaw size[22m
[32mchunk-6W7OQ46A.js[39m  [2m | [22m[2mlogin[22m          [2m | [22m[36m18.83 kB[39m[2m | [22m
[32mchunk-2LNCPWRO.js[39m  [2m | [22m[2mregister[22m       [2m | [22m[36m12.43 kB[39m[2m | [22m
[32mchunk-JXK7L7FK.js[39m  [2m | [22m[2mlayout[22m         [2m | [22m [36m7.34 kB[39m[2m | [22m
[32mchunk-YTNX46QP.js[39m  [2m | [22m[2mforgot-password[22m[2m | [22m [36m5.52 kB[39m[2m | [22m
[32mchunk-DYFUPHYL.js[39m  [2m | [22m[2m-[22m              [2m | [22m [36m2.95 kB[39m[2m | [22m
[32mchunk-OUMXKERF.js[39m  [2m | [22m[2mmain[22m           [2m | [22m [36m2.94 kB[39m[2m | [22m

Application bundle generation complete. [0.069 seconds] - 2026-03-21T17:05:15.372Z

Page reload sent to client(s).
[33m>[39m Changes detected. Rebuilding...
[32m√[39m Changes detected. Rebuilding...
[1mInitial chunk files[22m[2m | [22m[1mNames[22m          [2m | [22m[1mRaw size[22m
[32mstyles.css[39m         [2m | [22m[2mstyles[22m         [2m | [22m[36m47.94 kB[39m[2m | [22m
[32mmain.js[39m            [2m | [22m[2mmain[22m           [2m | [22m[36m37.52 kB[39m[2m | [22m
[32mchunk-V4G57IN6.js[39m  [2m | [22m[2m-[22m              [2m | [22m [36m9.59 kB[39m[2m | [22m
[32mchunk-CZJLB7T5.js[39m  [2m | [22m[2m-[22m              [2m | [22m [36m1.08 kB[39m[2m | [22m

[1m [22m                  [2m | [22m[1mInitial total[22m  [2m | [22m[1m96.12 kB[22m

[1mLazy chunk files[22m   [2m | [22m[1mNames[22m          [2m | [22m[1mRaw size[22m
[32mchunk-6W7OQ46A.js[39m  [2m | [22m[2mlogin[22m          [2m | [22m[36m18.83 kB[39m[2m | [22m
[32mchunk-2LNCPWRO.js[39m  [2m | [22m[2mregister[22m       [2m | [22m[36m12.43 kB[39m[2m | [22m
[32mchunk-JXK7L7FK.js[39m  [2m | [22m[2mlayout[22m         [2m | [22m [36m7.34 kB[39m[2m | [22m
[32mchunk-YTNX46QP.js[39m  [2m | [22m[2mforgot-password[22m[2m | [22m [36m5.52 kB[39m[2m | [22m
[32mchunk-DYFUPHYL.js[39m  [2m | [22m[2m-[22m              [2m | [22m [36m2.95 kB[39m[2m | [22m
[32mchunk-OUMXKERF.js[39m  [2m | [22m[2mmain[22m           [2m | [22m [36m2.94 kB[39m[2m | [22m

Application bundle generation complete. [0.087 seconds] - 2026-03-21T17:05:31.543Z

Page reload sent to client(s).
[33m>[39m Changes detected. Rebuilding...
[32m√[39m Changes detected. Rebuilding...
[1mInitial chunk files[22m[2m | [22m[1mNames[22m [2m | [22m[1mRaw size[22m
[32mmain.js[39m            [2m | [22m[2mmain[22m  [2m | [22m[36m37.52 kB[39m[2m | [22m

[1mLazy chunk files[22m   [2m | [22m[1mNames[22m [2m | [22m[1mRaw size[22m
[32mchunk-356AAI5O.js[39m  [2m | [22m[2mlayout[22m[2m | [22m[36m19.52 kB[39m[2m | [22m

Application bundle generation complete. [0.623 seconds] - 2026-03-21T17:09:16.638Z

Page reload sent to client(s).
[33m>[39m Changes detected. Rebuilding...
[32m√[39m Changes detected. Rebuilding...
[1mInitial chunk files[22m[2m | [22m[1mNames[22m   [2m | [22m[1mRaw size[22m
[32mmain.js[39m            [2m | [22m[2mmain[22m    [2m | [22m[36m37.55 kB[39m[2m | [22m
[32mchunk-UY4NM7BU.js[39m  [2m | [22m[2m-[22m       [2m | [22m [36m7.99 kB[39m[2m | [22m
[32mchunk-PSGPVEXL.js[39m  [2m | [22m[2m-[22m       [2m | [22m [36m1.62 kB[39m[2m | [22m

[1mLazy chunk files[22m   [2m | [22m[1mNames[22m   [2m | [22m[1mRaw size[22m
[32mchunk-JIGNOIQB.js[39m  [2m | [22m[2mlayout[22m  [2m | [22m[36m20.26 kB[39m[2m | [22m
[32mchunk-SZWDFPNP.js[39m  [2m | [22m[2mlogin[22m   [2m | [22m[36m18.86 kB[39m[2m | [22m
[32mchunk-LNS7G73P.js[39m  [2m | [22m[2mregister[22m[2m | [22m[36m12.47 kB[39m[2m | [22m

Application bundle generation complete. [0.481 seconds] - 2026-03-21T17:10:32.908Z

Page reload sent to client(s).
[33m>[39m Changes detected. Rebuilding...
[32m√[39m Changes detected. Rebuilding...
[1mInitial chunk files[22m[2m | [22m[1mNames[22m [2m | [22m[1mRaw size[22m
[32mstyles.css[39m         [2m | [22m[2mstyles[22m[2m | [22m[36m48.04 kB[39m[2m | [22m
[32mmain.js[39m            [2m | [22m[2mmain[22m  [2m | [22m[36m37.55 kB[39m[2m | [22m

[1mLazy chunk files[22m   [2m | [22m[1mNames[22m [2m | [22m[1mRaw size[22m
[32mchunk-IA3K2ZFS.js[39m  [2m | [22m[2mlayout[22m[2m | [22m[36m20.22 kB[39m[2m | [22m

Application bundle generation complete. [0.343 seconds] - 2026-03-21T17:11:24.969Z

Stylesheet update sent to client(s).
Component update sent to client(s).
[33m>[39m Changes detected. Rebuilding...
[32m√[39m Changes detected. Rebuilding...
[1mInitial chunk files[22m[2m | [22m[1mNames[22m [2m | [22m[1mRaw size[22m
[32mmain.js[39m            [2m | [22m[2mmain[22m  [2m | [22m[36m37.55 kB[39m[2m | [22m

[1mLazy chunk files[22m   [2m | [22m[1mNames[22m [2m | [22m[1mRaw size[22m
[32mchunk-TSIF4UJC.js[39m  [2m | [22m[2mlayout[22m[2m | [22m[36m19.84 kB[39m[2m | [22m

Application bundle generation complete. [0.290 seconds] - 2026-03-21T17:12:02.524Z

Component update sent to client(s).
[33m>[39m Changes detected. Rebuilding...
[32m√[39m Changes detected. Rebuilding...
[1mInitial chunk files[22m[2m | [22m[1mNames[22m [2m | [22m[1mRaw size[22m
[32mmain.js[39m            [2m | [22m[2mmain[22m  [2m | [22m[36m37.55 kB[39m[2m | [22m

[1mLazy chunk files[22m   [2m | [22m[1mNames[22m [2m | [22m[1mRaw size[22m
[32mchunk-XCCREAT5.js[39m  [2m | [22m[2mlayout[22m[2m | [22m[36m19.85 kB[39m[2m | [22m

Application bundle generation complete. [0.305 seconds] - 2026-03-21T17:12:30.278Z

Component update sent to client(s).
[33m>[39m Changes detected. Rebuilding...
[32m√[39m Changes detected. Rebuilding...
[1mInitial chunk files[22m[2m | [22m[1mNames[22m [2m | [22m[1mRaw size[22m
[32mmain.js[39m            [2m | [22m[2mmain[22m  [2m | [22m[36m37.55 kB[39m[2m | [22m

[1mLazy chunk files[22m   [2m | [22m[1mNames[22m [2m | [22m[1mRaw size[22m
[32mchunk-FXX2FWYX.js[39m  [2m | [22m[2mlayout[22m[2m | [22m[36m19.81 kB[39m[2m | [22m

Application bundle generation complete. [0.208 seconds] - 2026-03-21T17:14:35.501Z

Component update sent to client(s).
[33m>[39m Changes detected. Rebuilding...
[32m√[39m Changes detected. Rebuilding...
[1mInitial chunk files[22m[2m | [22m[1mNames[22m [2m | [22m[1mRaw size[22m
[32mmain.js[39m            [2m | [22m[2mmain[22m  [2m | [22m[36m37.55 kB[39m[2m | [22m

[1mLazy chunk files[22m   [2m | [22m[1mNames[22m [2m | [22m[1mRaw size[22m
[32mchunk-XCCREAT5.js[39m  [2m | [22m[2mlayout[22m[2m | [22m[36m19.85 kB[39m[2m | [22m

Application bundle generation complete. [0.246 seconds] - 2026-03-21T17:14:40.032Z

Component update sent to client(s).
[33m>[39m Changes detected. Rebuilding...
[32m√[39m Changes detected. Rebuilding...
[1mInitial chunk files[22m[2m | [22m[1mNames[22m [2m | [22m[1mRaw size[22m
[32mstyles.css[39m         [2m | [22m[2mstyles[22m[2m | [22m[36m48.12 kB[39m[2m | [22m
[32mmain.js[39m            [2m | [22m[2mmain[22m  [2m | [22m[36m37.55 kB[39m[2m | [22m

[1mLazy chunk files[22m   [2m | [22m[1mNames[22m [2m | [22m[1mRaw size[22m
[32mchunk-337VB3MS.js[39m  [2m | [22m[2mlayout[22m[2m | [22m[36m19.85 kB[39m[2m | [22m

Application bundle generation complete. [0.223 seconds] - 2026-03-21T17:14:46.555Z

Stylesheet update sent to client(s).
Component update sent to client(s).
[33m>[39m Changes detected. Rebuilding...
[32m√[39m Changes detected. Rebuilding...
[1mInitial chunk files[22m[2m | [22m[1mNames[22m [2m | [22m[1mRaw size[22m
[32mmain.js[39m            [2m | [22m[2mmain[22m  [2m | [22m[36m37.55 kB[39m[2m | [22m

[1mLazy chunk files[22m   [2m | [22m[1mNames[22m [2m | [22m[1mRaw size[22m
[32mchunk-SU6FMDMS.js[39m  [2m | [22m[2mlayout[22m[2m | [22m[36m19.97 kB[39m[2m | [22m

Application bundle generation complete. [0.212 seconds] - 2026-03-21T17:15:20.413Z

Component update sent to client(s).
[33m>[39m Changes detected. Rebuilding...
[32m√[39m Changes detected. Rebuilding...
Application bundle generation failed. [0.281 seconds] - 2026-03-21T17:15:49.525Z

[33m>[39m Changes detected. Rebuilding...
[32m√[39m Changes detected. Rebuilding...
[1mInitial chunk files[22m[2m | [22m[1mNames[22m          [2m | [22m[1mRaw size[22m
[32mstyles.css[39m         [2m | [22m[2mstyles[22m         [2m | [22m[36m48.12 kB[39m[2m | [22m
[32mmain.js[39m            [2m | [22m[2mmain[22m           [2m | [22m[36m37.55 kB[39m[2m | [22m
[32mchunk-UY4NM7BU.js[39m  [2m | [22m[2m-[22m              [2m | [22m [36m7.99 kB[39m[2m | [22m
[32mchunk-PSGPVEXL.js[39m  [2m | [22m[2m-[22m              [2m | [22m [36m1.62 kB[39m[2m | [22m
[32mchunk-CZJLB7T5.js[39m  [2m | [22m[2m-[22m              [2m | [22m [36m1.08 kB[39m[2m | [22m

[1m [22m                  [2m | [22m[1mInitial total[22m  [2m | [22m[1m96.36 kB[22m

[1mLazy chunk files[22m   [2m | [22m[1mNames[22m          [2m | [22m[1mRaw size[22m
[32mchunk-SU6FMDMS.js[39m  [2m | [22m[2mlayout[22m         [2m | [22m[36m19.97 kB[39m[2m | [22m
[32mchunk-SZWDFPNP.js[39m  [2m | [22m[2mlogin[22m          [2m | [22m[36m18.86 kB[39m[2m | [22m
[32mchunk-LNS7G73P.js[39m  [2m | [22m[2mregister[22m       [2m | [22m[36m12.47 kB[39m[2m | [22m
[32mchunk-YTNX46QP.js[39m  [2m | [22m[2mforgot-password[22m[2m | [22m [36m5.52 kB[39m[2m | [22m
[32mchunk-DYFUPHYL.js[39m  [2m | [22m[2m-[22m              [2m | [22m [36m2.95 kB[39m[2m | [22m
[32mchunk-OUMXKERF.js[39m  [2m | [22m[2mmain[22m           [2m | [22m [36m2.94 kB[39m[2m | [22m

Application bundle generation complete. [0.249 seconds] - 2026-03-21T17:15:55.085Z

Page reload sent to client(s).
[33m>[39m Changes detected. Rebuilding...
[32m√[39m Changes detected. Rebuilding...
[1mInitial chunk files[22m[2m | [22m[1mNames[22m          [2m | [22m[1mRaw size[22m
[32mstyles.css[39m         [2m | [22m[2mstyles[22m         [2m | [22m[36m48.12 kB[39m[2m | [22m
[32mmain.js[39m            [2m | [22m[2mmain[22m           [2m | [22m[36m37.55 kB[39m[2m | [22m
[32mchunk-UY4NM7BU.js[39m  [2m | [22m[2m-[22m              [2m | [22m [36m7.99 kB[39m[2m | [22m
[32mchunk-PSGPVEXL.js[39m  [2m | [22m[2m-[22m              [2m | [22m [36m1.62 kB[39m[2m | [22m
[32mchunk-CZJLB7T5.js[39m  [2m | [22m[2m-[22m              [2m | [22m [36m1.08 kB[39m[2m | [22m

[1m [22m                  [2m | [22m[1mInitial total[22m  [2m | [22m[1m96.36 kB[22m

[1mLazy chunk files[22m   [2m | [22m[1mNames[22m          [2m | [22m[1mRaw size[22m
[32mchunk-SU6FMDMS.js[39m  [2m | [22m[2mlayout[22m         [2m | [22m[36m19.97 kB[39m[2m | [22m
[32mchunk-SZWDFPNP.js[39m  [2m | [22m[2mlogin[22m          [2m | [22m[36m18.86 kB[39m[2m | [22m
[32mchunk-LNS7G73P.js[39m  [2m | [22m[2mregister[22m       [2m | [22m[36m12.47 kB[39m[2m | [22m
[32mchunk-YTNX46QP.js[39m  [2m | [22m[2mforgot-password[22m[2m | [22m [36m5.52 kB[39m[2m | [22m
[32mchunk-DYFUPHYL.js[39m  [2m | [22m[2m-[22m              [2m | [22m [36m2.95 kB[39m[2m | [22m
[32mchunk-OUMXKERF.js[39m  [2m | [22m[2mmain[22m           [2m | [22m [36m2.94 kB[39m[2m | [22m

Application bundle generation complete. [0.204 seconds] - 2026-03-21T17:16:10.953Z

Component update sent to client(s).
[33m>[39m Changes detected. Rebuilding...
[32m√[39m Changes detected. Rebuilding...
[1mInitial chunk files[22m[2m | [22m[1mNames[22m [2m | [22m[1mRaw size[22m
[32mmain.js[39m            [2m | [22m[2mmain[22m  [2m | [22m[36m37.55 kB[39m[2m | [22m

[1mLazy chunk files[22m   [2m | [22m[1mNames[22m [2m | [22m[1mRaw size[22m
[32mchunk-PUREVHET.js[39m  [2m | [22m[2mlayout[22m[2m | [22m[36m20.18 kB[39m[2m | [22m

Application bundle generation complete. [0.267 seconds] - 2026-03-21T17:17:28.103Z

Component update sent to client(s).
[33m>[39m Changes detected. Rebuilding...
[32m√[39m Changes detected. Rebuilding...
[1mInitial chunk files[22m[2m | [22m[1mNames[22m          [2m | [22m[1mRaw size[22m
[32mstyles.css[39m         [2m | [22m[2mstyles[22m         [2m | [22m[36m48.12 kB[39m[2m | [22m
[32mmain.js[39m            [2m | [22m[2mmain[22m           [2m | [22m[36m37.55 kB[39m[2m | [22m
[32mchunk-UY4NM7BU.js[39m  [2m | [22m[2m-[22m              [2m | [22m [36m7.99 kB[39m[2m | [22m
[32mchunk-PSGPVEXL.js[39m  [2m | [22m[2m-[22m              [2m | [22m [36m1.62 kB[39m[2m | [22m
[32mchunk-CZJLB7T5.js[39m  [2m | [22m[2m-[22m              [2m | [22m [36m1.08 kB[39m[2m | [22m

[1m [22m                  [2m | [22m[1mInitial total[22m  [2m | [22m[1m96.36 kB[22m

[1mLazy chunk files[22m   [2m | [22m[1mNames[22m          [2m | [22m[1mRaw size[22m
[32mchunk-PUREVHET.js[39m  [2m | [22m[2mlayout[22m         [2m | [22m[36m20.18 kB[39m[2m | [22m
[32mchunk-SZWDFPNP.js[39m  [2m | [22m[2mlogin[22m          [2m | [22m[36m18.86 kB[39m[2m | [22m
[32mchunk-LNS7G73P.js[39m  [2m | [22m[2mregister[22m       [2m | [22m[36m12.47 kB[39m[2m | [22m
[32mchunk-YTNX46QP.js[39m  [2m | [22m[2mforgot-password[22m[2m | [22m [36m5.52 kB[39m[2m | [22m
[32mchunk-DYFUPHYL.js[39m  [2m | [22m[2m-[22m              [2m | [22m [36m2.95 kB[39m[2m | [22m
[32mchunk-OUMXKERF.js[39m  [2m | [22m[2mmain[22m           [2m | [22m [36m2.94 kB[39m[2m | [22m

Application bundle generation complete. [0.067 seconds] - 2026-03-21T17:17:51.105Z

Page reload sent to client(s).
[33m>[39m Changes detected. Rebuilding...
[32m√[39m Changes detected. Rebuilding...
[1mInitial chunk files[22m[2m | [22m[1mNames[22m [2m | [22m[1mRaw size[22m
[32mmain.js[39m            [2m | [22m[2mmain[22m  [2m | [22m[36m37.55 kB[39m[2m | [22m

[1mLazy chunk files[22m   [2m | [22m[1mNames[22m [2m | [22m[1mRaw size[22m
[32mchunk-IITGKVR5.js[39m  [2m | [22m[2mlayout[22m[2m | [22m[36m20.19 kB[39m[2m | [22m

Application bundle generation complete. [0.240 seconds] - 2026-03-21T17:18:02.904Z

Component update sent to client(s).
[33m>[39m Changes detected. Rebuilding...
[32m√[39m Changes detected. Rebuilding...
[1mInitial chunk files[22m[2m | [22m[1mNames[22m          [2m | [22m[1mRaw size[22m
[32mstyles.css[39m         [2m | [22m[2mstyles[22m         [2m | [22m[36m48.12 kB[39m[2m | [22m
[32mmain.js[39m            [2m | [22m[2mmain[22m           [2m | [22m[36m37.55 kB[39m[2m | [22m
[32mchunk-UY4NM7BU.js[39m  [2m | [22m[2m-[22m              [2m | [22m [36m7.99 kB[39m[2m | [22m
[32mchunk-PSGPVEXL.js[39m  [2m | [22m[2m-[22m              [2m | [22m [36m1.62 kB[39m[2m | [22m
[32mchunk-CZJLB7T5.js[39m  [2m | [22m[2m-[22m              [2m | [22m [36m1.08 kB[39m[2m | [22m

[1m [22m                  [2m | [22m[1mInitial total[22m  [2m | [22m[1m96.36 kB[22m

[1mLazy chunk files[22m   [2m | [22m[1mNames[22m          [2m | [22m[1mRaw size[22m
[32mchunk-IITGKVR5.js[39m  [2m | [22m[2mlayout[22m         [2m | [22m[36m20.19 kB[39m[2m | [22m
[32mchunk-SZWDFPNP.js[39m  [2m | [22m[2mlogin[22m          [2m | [22m[36m18.86 kB[39m[2m | [22m
[32mchunk-LNS7G73P.js[39m  [2m | [22m[2mregister[22m       [2m | [22m[36m12.47 kB[39m[2m | [22m
[32mchunk-YTNX46QP.js[39m  [2m | [22m[2mforgot-password[22m[2m | [22m [36m5.52 kB[39m[2m | [22m
[32mchunk-DYFUPHYL.js[39m  [2m | [22m[2m-[22m              [2m | [22m [36m2.95 kB[39m[2m | [22m
[32mchunk-OUMXKERF.js[39m  [2m | [22m[2mmain[22m           [2m | [22m [36m2.94 kB[39m[2m | [22m

Application bundle generation complete. [0.073 seconds] - 2026-03-21T17:19:52.870Z

Page reload sent to client(s).
[33m>[39m Changes detected. Rebuilding...
[32m√[39m Changes detected. Rebuilding...
[1mInitial chunk files[22m[2m | [22m[1mNames[22m [2m | [22m[1mRaw size[22m
[32mmain.js[39m            [2m | [22m[2mmain[22m  [2m | [22m[36m37.55 kB[39m[2m | [22m

[1mLazy chunk files[22m   [2m | [22m[1mNames[22m [2m | [22m[1mRaw size[22m
[32mchunk-4GMS5VLP.js[39m  [2m | [22m[2mlayout[22m[2m | [22m[36m20.19 kB[39m[2m | [22m

Application bundle generation complete. [0.315 seconds] - 2026-03-21T17:20:24.064Z

Component update sent to client(s).
[33m>[39m Changes detected. Rebuilding...
[32m√[39m Changes detected. Rebuilding...
[1mInitial chunk files[22m[2m | [22m[1mNames[22m [2m | [22m[1mRaw size[22m
[32mmain.js[39m            [2m | [22m[2mmain[22m  [2m | [22m[36m37.55 kB[39m[2m | [22m

[1mLazy chunk files[22m   [2m | [22m[1mNames[22m [2m | [22m[1mRaw size[22m
[32mchunk-IB3JRLZ6.js[39m  [2m | [22m[2mlayout[22m[2m | [22m[36m20.20 kB[39m[2m | [22m

Application bundle generation complete. [0.251 seconds] - 2026-03-21T17:22:19.444Z

Component update sent to client(s).
[33m>[39m Changes detected. Rebuilding...
[32m√[39m Changes detected. Rebuilding...
[1mInitial chunk files[22m[2m | [22m[1mNames[22m [2m | [22m[1mRaw size[22m
[32mstyles.css[39m         [2m | [22m[2mstyles[22m[2m | [22m[36m48.18 kB[39m[2m | [22m
[32mmain.js[39m            [2m | [22m[2mmain[22m  [2m | [22m[36m37.55 kB[39m[2m | [22m

[1mLazy chunk files[22m   [2m | [22m[1mNames[22m [2m | [22m[1mRaw size[22m
[32mchunk-4LAPZMOQ.js[39m  [2m | [22m[2mlayout[22m[2m | [22m[36m20.16 kB[39m[2m | [22m

Application bundle generation complete. [0.404 seconds] - 2026-03-21T17:24:21.379Z

Stylesheet update sent to client(s).
Component update sent to client(s).
[33m>[39m Changes detected. Rebuilding...
[32m√[39m Changes detected. Rebuilding...
[1mInitial chunk files[22m[2m | [22m[1mNames[22m [2m | [22m[1mRaw size[22m
[32mmain.js[39m            [2m | [22m[2mmain[22m  [2m | [22m[36m37.55 kB[39m[2m | [22m

[1mLazy chunk files[22m   [2m | [22m[1mNames[22m [2m | [22m[1mRaw size[22m
[32mchunk-A3TWK6TL.js[39m  [2m | [22m[2mlayout[22m[2m | [22m[36m20.16 kB[39m[2m | [22m

Application bundle generation complete. [0.252 seconds] - 2026-03-21T17:24:59.821Z

Component update sent to client(s).
[33m>[39m Changes detected. Rebuilding...
[32m√[39m Changes detected. Rebuilding...
[1mInitial chunk files[22m[2m | [22m[1mNames[22m [2m | [22m[1mRaw size[22m
[32mstyles.css[39m         [2m | [22m[2mstyles[22m[2m | [22m[36m48.27 kB[39m[2m | [22m
[32mmain.js[39m            [2m | [22m[2mmain[22m  [2m | [22m[36m37.55 kB[39m[2m | [22m

[1mLazy chunk files[22m   [2m | [22m[1mNames[22m [2m | [22m[1mRaw size[22m
[32mchunk-RJW6R33T.js[39m  [2m | [22m[2mlayout[22m[2m | [22m[36m20.16 kB[39m[2m | [22m

Application bundle generation complete. [0.250 seconds] - 2026-03-21T17:26:13.089Z

Stylesheet update sent to client(s).
Component update sent to client(s).
[33m>[39m Changes detected. Rebuilding...
[32m√[39m Changes detected. Rebuilding...
[1mInitial chunk files[22m[2m | [22m[1mNames[22m [2m | [22m[1mRaw size[22m
[32mstyles.css[39m         [2m | [22m[2mstyles[22m[2m | [22m[36m48.77 kB[39m[2m | [22m
[32mmain.js[39m            [2m | [22m[2mmain[22m  [2m | [22m[36m37.55 kB[39m[2m | [22m

[1mLazy chunk files[22m   [2m | [22m[1mNames[22m [2m | [22m[1mRaw size[22m
[32mchunk-F2EYJLIM.js[39m  [2m | [22m[2mlayout[22m[2m | [22m[36m20.30 kB[39m[2m | [22m

Application bundle generation complete. [0.449 seconds] - 2026-03-21T17:26:57.429Z

Stylesheet update sent to client(s).
Component update sent to client(s).
[33m>[39m Changes detected. Rebuilding...
[32m√[39m Changes detected. Rebuilding...
[1mInitial chunk files[22m[2m | [22m[1mNames[22m [2m | [22m[1mRaw size[22m
[32mstyles.css[39m         [2m | [22m[2mstyles[22m[2m | [22m[36m48.82 kB[39m[2m | [22m
[32mmain.js[39m            [2m | [22m[2mmain[22m  [2m | [22m[36m37.55 kB[39m[2m | [22m

[1mLazy chunk files[22m   [2m | [22m[1mNames[22m [2m | [22m[1mRaw size[22m
[32mchunk-BLWPPM36.js[39m  [2m | [22m[2mlayout[22m[2m | [22m[36m20.30 kB[39m[2m | [22m

Application bundle generation complete. [0.250 seconds] - 2026-03-21T17:29:39.840Z

Stylesheet update sent to client(s).
Component update sent to client(s).
[33m>[39m Changes detected. Rebuilding...
[32m√[39m Changes detected. Rebuilding...
[1mInitial chunk files[22m[2m | [22m[1mNames[22m [2m | [22m[1mRaw size[22m
[32mmain.js[39m            [2m | [22m[2mmain[22m  [2m | [22m[36m37.55 kB[39m[2m | [22m

[1mLazy chunk files[22m   [2m | [22m[1mNames[22m [2m | [22m[1mRaw size[22m
[32mchunk-F2EYJLIM.js[39m  [2m | [22m[2mlayout[22m[2m | [22m[36m20.30 kB[39m[2m | [22m

Application bundle generation complete. [0.237 seconds] - 2026-03-21T17:29:46.373Z

Component update sent to client(s).
[33m>[39m Changes detected. Rebuilding...
[32m√[39m Changes detected. Rebuilding...
[1mInitial chunk files[22m[2m | [22m[1mNames[22m [2m | [22m[1mRaw size[22m
[32mstyles.css[39m         [2m | [22m[2mstyles[22m[2m | [22m[36m48.87 kB[39m[2m | [22m
[32mmain.js[39m            [2m | [22m[2mmain[22m  [2m | [22m[36m37.55 kB[39m[2m | [22m

[1mLazy chunk files[22m   [2m | [22m[1mNames[22m [2m | [22m[1mRaw size[22m
[32mchunk-IWS5MGW6.js[39m  [2m | [22m[2mlayout[22m[2m | [22m[36m20.29 kB[39m[2m | [22m

Application bundle generation complete. [0.205 seconds] - 2026-03-21T17:29:52.362Z

Stylesheet update sent to client(s).
Component update sent to client(s).
[33m>[39m Changes detected. Rebuilding...
[32m√[39m Changes detected. Rebuilding...
[1mInitial chunk files[22m[2m | [22m[1mNames[22m [2m | [22m[1mRaw size[22m
[32mmain.js[39m            [2m | [22m[2mmain[22m  [2m | [22m[36m37.55 kB[39m[2m | [22m

[1mLazy chunk files[22m   [2m | [22m[1mNames[22m [2m | [22m[1mRaw size[22m
[32mchunk-F2EYJLIM.js[39m  [2m | [22m[2mlayout[22m[2m | [22m[36m20.30 kB[39m[2m | [22m

Application bundle generation complete. [0.179 seconds] - 2026-03-21T17:29:55.286Z

Component update sent to client(s).
[33m>[39m Changes detected. Rebuilding...
[32m√[39m Changes detected. Rebuilding...
[1mInitial chunk files[22m[2m | [22m[1mNames[22m          [2m | [22m[1mRaw size[22m
[32mstyles.css[39m         [2m | [22m[2mstyles[22m         [2m | [22m[36m48.87 kB[39m[2m | [22m
[32mmain.js[39m            [2m | [22m[2mmain[22m           [2m | [22m[36m37.55 kB[39m[2m | [22m
[32mchunk-UY4NM7BU.js[39m  [2m | [22m[2m-[22m              [2m | [22m [36m7.99 kB[39m[2m | [22m
[32mchunk-PSGPVEXL.js[39m  [2m | [22m[2m-[22m              [2m | [22m [36m1.62 kB[39m[2m | [22m
[32mchunk-CZJLB7T5.js[39m  [2m | [22m[2m-[22m              [2m | [22m [36m1.08 kB[39m[2m | [22m

[1m [22m                  [2m | [22m[1mInitial total[22m  [2m | [22m[1m97.11 kB[22m

[1mLazy chunk files[22m   [2m | [22m[1mNames[22m          [2m | [22m[1mRaw size[22m
[32mchunk-F2EYJLIM.js[39m  [2m | [22m[2mlayout[22m         [2m | [22m[36m20.30 kB[39m[2m | [22m
[32mchunk-SZWDFPNP.js[39m  [2m | [22m[2mlogin[22m          [2m | [22m[36m18.86 kB[39m[2m | [22m
[32mchunk-LNS7G73P.js[39m  [2m | [22m[2mregister[22m       [2m | [22m[36m12.47 kB[39m[2m | [22m
[32mchunk-YTNX46QP.js[39m  [2m | [22m[2mforgot-password[22m[2m | [22m [36m5.52 kB[39m[2m | [22m
[32mchunk-DYFUPHYL.js[39m  [2m | [22m[2m-[22m              [2m | [22m [36m2.95 kB[39m[2m | [22m
[32mchunk-OUMXKERF.js[39m  [2m | [22m[2mmain[22m           [2m | [22m [36m2.94 kB[39m[2m | [22m

Application bundle generation complete. [0.231 seconds] - 2026-03-21T17:40:31.105Z

[33m>[39m Changes detected. Rebuilding...
[32m√[39m Changes detected. Rebuilding...
[1mInitial chunk files[22m[2m | [22m[1mNames[22m          [2m | [22m[1mRaw size[22m
[32mstyles.css[39m         [2m | [22m[2mstyles[22m         [2m | [22m[36m48.87 kB[39m[2m | [22m
[32mmain.js[39m            [2m | [22m[2mmain[22m           [2m | [22m[36m37.55 kB[39m[2m | [22m
[32mchunk-UY4NM7BU.js[39m  [2m | [22m[2m-[22m              [2m | [22m [36m7.99 kB[39m[2m | [22m
[32mchunk-PSGPVEXL.js[39m  [2m | [22m[2m-[22m              [2m | [22m [36m1.62 kB[39m[2m | [22m
[32mchunk-CZJLB7T5.js[39m  [2m | [22m[2m-[22m              [2m | [22m [36m1.08 kB[39m[2m | [22m

[1m [22m                  [2m | [22m[1mInitial total[22m  [2m | [22m[1m97.11 kB[22m

[1mLazy chunk files[22m   [2m | [22m[1mNames[22m          [2m | [22m[1mRaw size[22m
[32mchunk-F2EYJLIM.js[39m  [2m | [22m[2mlayout[22m         [2m | [22m[36m20.30 kB[39m[2m | [22m
[32mchunk-SZWDFPNP.js[39m  [2m | [22m[2mlogin[22m          [2m | [22m[36m18.86 kB[39m[2m | [22m
[32mchunk-LNS7G73P.js[39m  [2m | [22m[2mregister[22m       [2m | [22m[36m12.47 kB[39m[2m | [22m
[32mchunk-YTNX46QP.js[39m  [2m | [22m[2mforgot-password[22m[2m | [22m [36m5.52 kB[39m[2m | [22m
[32mchunk-DYFUPHYL.js[39m  [2m | [22m[2m-[22m              [2m | [22m [36m2.95 kB[39m[2m | [22m
[32mchunk-OUMXKERF.js[39m  [2m | [22m[2mmain[22m           [2m | [22m [36m2.94 kB[39m[2m | [22m

Application bundle generation complete. [0.066 seconds] - 2026-03-21T17:40:40.296Z

[33m>[39m Changes detected. Rebuilding...
[32m√[39m Changes detected. Rebuilding...
[1mInitial chunk files[22m[2m | [22m[1mNames[22m          [2m | [22m[1mRaw size[22m
[32mstyles.css[39m         [2m | [22m[2mstyles[22m         [2m | [22m[36m48.87 kB[39m[2m | [22m
[32mmain.js[39m            [2m | [22m[2mmain[22m           [2m | [22m[36m37.55 kB[39m[2m | [22m
[32mchunk-UY4NM7BU.js[39m  [2m | [22m[2m-[22m              [2m | [22m [36m7.99 kB[39m[2m | [22m
[32mchunk-PSGPVEXL.js[39m  [2m | [22m[2m-[22m              [2m | [22m [36m1.62 kB[39m[2m | [22m
[32mchunk-CZJLB7T5.js[39m  [2m | [22m[2m-[22m              [2m | [22m [36m1.08 kB[39m[2m | [22m

[1m [22m                  [2m | [22m[1mInitial total[22m  [2m | [22m[1m97.11 kB[22m

[1mLazy chunk files[22m   [2m | [22m[1mNames[22m          [2m | [22m[1mRaw size[22m
[32mchunk-F2EYJLIM.js[39m  [2m | [22m[2mlayout[22m         [2m | [22m[36m20.30 kB[39m[2m | [22m
[32mchunk-SZWDFPNP.js[39m  [2m | [22m[2mlogin[22m          [2m | [22m[36m18.86 kB[39m[2m | [22m
[32mchunk-LNS7G73P.js[39m  [2m | [22m[2mregister[22m       [2m | [22m[36m12.47 kB[39m[2m | [22m
[32mchunk-YTNX46QP.js[39m  [2m | [22m[2mforgot-password[22m[2m | [22m [36m5.52 kB[39m[2m | [22m
[32mchunk-DYFUPHYL.js[39m  [2m | [22m[2m-[22m              [2m | [22m [36m2.95 kB[39m[2m | [22m
[32mchunk-OUMXKERF.js[39m  [2m | [22m[2mmain[22m           [2m | [22m [36m2.94 kB[39m[2m | [22m

Application bundle generation complete. [0.255 seconds] - 2026-03-21T17:40:49.289Z

[33m>[39m Changes detected. Rebuilding...
[32m√[39m Changes detected. Rebuilding...
[1mInitial chunk files[22m[2m | [22m[1mNames[22m          [2m | [22m[1mRaw size[22m
[32mstyles.css[39m         [2m | [22m[2mstyles[22m         [2m | [22m[36m48.87 kB[39m[2m | [22m
[32mmain.js[39m            [2m | [22m[2mmain[22m           [2m | [22m[36m37.55 kB[39m[2m | [22m
[32mchunk-UY4NM7BU.js[39m  [2m | [22m[2m-[22m              [2m | [22m [36m7.99 kB[39m[2m | [22m
[32mchunk-PSGPVEXL.js[39m  [2m | [22m[2m-[22m              [2m | [22m [36m1.62 kB[39m[2m | [22m
[32mchunk-CZJLB7T5.js[39m  [2m | [22m[2m-[22m              [2m | [22m [36m1.08 kB[39m[2m | [22m

[1m [22m                  [2m | [22m[1mInitial total[22m  [2m | [22m[1m97.11 kB[22m

[1mLazy chunk files[22m   [2m | [22m[1mNames[22m          [2m | [22m[1mRaw size[22m
[32mchunk-F2EYJLIM.js[39m  [2m | [22m[2mlayout[22m         [2m | [22m[36m20.30 kB[39m[2m | [22m
[32mchunk-SZWDFPNP.js[39m  [2m | [22m[2mlogin[22m          [2m | [22m[36m18.86 kB[39m[2m | [22m
[32mchunk-LNS7G73P.js[39m  [2m | [22m[2mregister[22m       [2m | [22m[36m12.47 kB[39m[2m | [22m
[32mchunk-YTNX46QP.js[39m  [2m | [22m[2mforgot-password[22m[2m | [22m [36m5.52 kB[39m[2m | [22m
[32mchunk-DYFUPHYL.js[39m  [2m | [22m[2m-[22m              [2m | [22m [36m2.95 kB[39m[2m | [22m
[32mchunk-OUMXKERF.js[39m  [2m | [22m[2mmain[22m           [2m | [22m [36m2.94 kB[39m[2m | [22m

Application bundle generation complete. [0.404 seconds] - 2026-03-21T17:40:55.629Z

[33m>[39m Changes detected. Rebuilding...
[32m√[39m Changes detected. Rebuilding...
Application bundle generation failed. [0.216 seconds] - 2026-03-21T17:41:37.156Z

[33m>[39m Changes detected. Rebuilding...
[32m√[39m Changes detected. Rebuilding...
[1mInitial chunk files[22m[2m | [22m[1mNames[22m          [2m | [22m[1mRaw size[22m
[32mstyles.css[39m         [2m | [22m[2mstyles[22m         [2m | [22m[36m48.87 kB[39m[2m | [22m
[32mmain.js[39m            [2m | [22m[2mmain[22m           [2m | [22m[36m37.55 kB[39m[2m | [22m
[32mchunk-UY4NM7BU.js[39m  [2m | [22m[2m-[22m              [2m | [22m [36m7.99 kB[39m[2m | [22m
[32mchunk-PSGPVEXL.js[39m  [2m | [22m[2m-[22m              [2m | [22m [36m1.62 kB[39m[2m | [22m
[32mchunk-CZJLB7T5.js[39m  [2m | [22m[2m-[22m              [2m | [22m [36m1.08 kB[39m[2m | [22m

[1m [22m                  [2m | [22m[1mInitial total[22m  [2m | [22m[1m97.11 kB[22m

[1mLazy chunk files[22m   [2m | [22m[1mNames[22m          [2m | [22m[1mRaw size[22m
[32mchunk-2D5EN3S5.js[39m  [2m | [22m[2mlayout[22m         [2m | [22m[36m20.11 kB[39m[2m | [22m
[32mchunk-SZWDFPNP.js[39m  [2m | [22m[2mlogin[22m          [2m | [22m[36m18.86 kB[39m[2m | [22m
[32mchunk-LNS7G73P.js[39m  [2m | [22m[2mregister[22m       [2m | [22m[36m12.47 kB[39m[2m | [22m
[32mchunk-YTNX46QP.js[39m  [2m | [22m[2mforgot-password[22m[2m | [22m [36m5.52 kB[39m[2m | [22m
[32mchunk-DYFUPHYL.js[39m  [2m | [22m[2m-[22m              [2m | [22m [36m2.95 kB[39m[2m | [22m
[32mchunk-OUMXKERF.js[39m  [2m | [22m[2mmain[22m           [2m | [22m [36m2.94 kB[39m[2m | [22m

Application bundle generation complete. [0.236 seconds] - 2026-03-21T17:41:48.733Z

Page reload sent to client(s).
[33m>[39m Changes detected. Rebuilding...
[32m√[39m Changes detected. Rebuilding...
[1mInitial chunk files[22m[2m | [22m[1mNames[22m          [2m | [22m[1mRaw size[22m
[32mstyles.css[39m         [2m | [22m[2mstyles[22m         [2m | [22m[36m48.87 kB[39m[2m | [22m
[32mmain.js[39m            [2m | [22m[2mmain[22m           [2m | [22m[36m37.55 kB[39m[2m | [22m
[32mchunk-UY4NM7BU.js[39m  [2m | [22m[2m-[22m              [2m | [22m [36m7.99 kB[39m[2m | [22m
[32mchunk-PSGPVEXL.js[39m  [2m | [22m[2m-[22m              [2m | [22m [36m1.62 kB[39m[2m | [22m
[32mchunk-CZJLB7T5.js[39m  [2m | [22m[2m-[22m              [2m | [22m [36m1.08 kB[39m[2m | [22m

[1m [22m                  [2m | [22m[1mInitial total[22m  [2m | [22m[1m97.11 kB[22m

[1mLazy chunk files[22m   [2m | [22m[1mNames[22m          [2m | [22m[1mRaw size[22m
[32mchunk-2D5EN3S5.js[39m  [2m | [22m[2mlayout[22m         [2m | [22m[36m20.11 kB[39m[2m | [22m
[32mchunk-SZWDFPNP.js[39m  [2m | [22m[2mlogin[22m          [2m | [22m[36m18.86 kB[39m[2m | [22m
[32mchunk-LNS7G73P.js[39m  [2m | [22m[2mregister[22m       [2m | [22m[36m12.47 kB[39m[2m | [22m
[32mchunk-YTNX46QP.js[39m  [2m | [22m[2mforgot-password[22m[2m | [22m [36m5.52 kB[39m[2m | [22m
[32mchunk-DYFUPHYL.js[39m  [2m | [22m[2m-[22m              [2m | [22m [36m2.95 kB[39m[2m | [22m
[32mchunk-OUMXKERF.js[39m  [2m | [22m[2mmain[22m           [2m | [22m [36m2.94 kB[39m[2m | [22m

Application bundle generation complete. [0.229 seconds] - 2026-03-21T17:41:56.465Z

Component update sent to client(s).
[33m>[39m Changes detected. Rebuilding...
[32m√[39m Changes detected. Rebuilding...
[1mInitial chunk files[22m[2m | [22m[1mNames[22m          [2m | [22m[1mRaw size[22m
[32mstyles.css[39m         [2m | [22m[2mstyles[22m         [2m | [22m[36m48.87 kB[39m[2m | [22m
[32mmain.js[39m            [2m | [22m[2mmain[22m           [2m | [22m[36m37.55 kB[39m[2m | [22m
[32mchunk-UY4NM7BU.js[39m  [2m | [22m[2m-[22m              [2m | [22m [36m7.99 kB[39m[2m | [22m
[32mchunk-PSGPVEXL.js[39m  [2m | [22m[2m-[22m              [2m | [22m [36m1.62 kB[39m[2m | [22m
[32mchunk-CZJLB7T5.js[39m  [2m | [22m[2m-[22m              [2m | [22m [36m1.08 kB[39m[2m | [22m

[1m [22m                  [2m | [22m[1mInitial total[22m  [2m | [22m[1m97.11 kB[22m

[1mLazy chunk files[22m   [2m | [22m[1mNames[22m          [2m | [22m[1mRaw size[22m
[32mchunk-2D5EN3S5.js[39m  [2m | [22m[2mlayout[22m         [2m | [22m[36m20.11 kB[39m[2m | [22m
[32mchunk-SZWDFPNP.js[39m  [2m | [22m[2mlogin[22m          [2m | [22m[36m18.86 kB[39m[2m | [22m
[32mchunk-LNS7G73P.js[39m  [2m | [22m[2mregister[22m       [2m | [22m[36m12.47 kB[39m[2m | [22m
[32mchunk-YTNX46QP.js[39m  [2m | [22m[2mforgot-password[22m[2m | [22m [36m5.52 kB[39m[2m | [22m
[32mchunk-DYFUPHYL.js[39m  [2m | [22m[2m-[22m              [2m | [22m [36m2.95 kB[39m[2m | [22m
[32mchunk-OUMXKERF.js[39m  [2m | [22m[2mmain[22m           [2m | [22m [36m2.94 kB[39m[2m | [22m

Application bundle generation complete. [0.101 seconds] - 2026-03-21T17:46:04.096Z

Page reload sent to client(s).
[33m>[39m Changes detected. Rebuilding...
[32m√[39m Changes detected. Rebuilding...
[1mInitial chunk files[22m[2m | [22m[1mNames[22m          [2m | [22m[1mRaw size[22m
[32mstyles.css[39m         [2m | [22m[2mstyles[22m         [2m | [22m[36m48.87 kB[39m[2m | [22m
[32mmain.js[39m            [2m | [22m[2mmain[22m           [2m | [22m[36m37.55 kB[39m[2m | [22m
[32mchunk-UY4NM7BU.js[39m  [2m | [22m[2m-[22m              [2m | [22m [36m7.99 kB[39m[2m | [22m
[32mchunk-PSGPVEXL.js[39m  [2m | [22m[2m-[22m              [2m | [22m [36m1.62 kB[39m[2m | [22m
[32mchunk-CZJLB7T5.js[39m  [2m | [22m[2m-[22m              [2m | [22m [36m1.08 kB[39m[2m | [22m

[1m [22m                  [2m | [22m[1mInitial total[22m  [2m | [22m[1m97.11 kB[22m

[1mLazy chunk files[22m   [2m | [22m[1mNames[22m          [2m | [22m[1mRaw size[22m
[32mchunk-2D5EN3S5.js[39m  [2m | [22m[2mlayout[22m         [2m | [22m[36m20.11 kB[39m[2m | [22m
[32mchunk-SZWDFPNP.js[39m  [2m | [22m[2mlogin[22m          [2m | [22m[36m18.86 kB[39m[2m | [22m
[32mchunk-LNS7G73P.js[39m  [2m | [22m[2mregister[22m       [2m | [22m[36m12.47 kB[39m[2m | [22m
[32mchunk-YTNX46QP.js[39m  [2m | [22m[2mforgot-password[22m[2m | [22m [36m5.52 kB[39m[2m | [22m
[32mchunk-DYFUPHYL.js[39m  [2m | [22m[2m-[22m              [2m | [22m [36m2.95 kB[39m[2m | [22m
[32mchunk-OUMXKERF.js[39m  [2m | [22m[2mmain[22m           [2m | [22m [36m2.94 kB[39m[2m | [22m

Application bundle generation complete. [0.075 seconds] - 2026-03-21T17:46:08.959Z

Page reload sent to client(s).
[33m>[39m Changes detected. Rebuilding...
[32m√[39m Changes detected. Rebuilding...
[1mInitial chunk files[22m[2m | [22m[1mNames[22m          [2m | [22m[1mRaw size[22m
[32mstyles.css[39m         [2m | [22m[2mstyles[22m         [2m | [22m[36m48.87 kB[39m[2m | [22m
[32mmain.js[39m            [2m | [22m[2mmain[22m           [2m | [22m[36m37.55 kB[39m[2m | [22m
[32mchunk-UY4NM7BU.js[39m  [2m | [22m[2m-[22m              [2m | [22m [36m7.99 kB[39m[2m | [22m
[32mchunk-PSGPVEXL.js[39m  [2m | [22m[2m-[22m              [2m | [22m [36m1.62 kB[39m[2m | [22m
[32mchunk-CZJLB7T5.js[39m  [2m | [22m[2m-[22m              [2m | [22m [36m1.08 kB[39m[2m | [22m

[1m [22m                  [2m | [22m[1mInitial total[22m  [2m | [22m[1m97.11 kB[22m

[1mLazy chunk files[22m   [2m | [22m[1mNames[22m          [2m | [22m[1mRaw size[22m
[32mchunk-2D5EN3S5.js[39m  [2m | [22m[2mlayout[22m         [2m | [22m[36m20.11 kB[39m[2m | [22m
[32mchunk-SZWDFPNP.js[39m  [2m | [22m[2mlogin[22m          [2m | [22m[36m18.86 kB[39m[2m | [22m
[32mchunk-LNS7G73P.js[39m  [2m | [22m[2mregister[22m       [2m | [22m[36m12.47 kB[39m[2m | [22m
[32mchunk-YTNX46QP.js[39m  [2m | [22m[2mforgot-password[22m[2m | [22m [36m5.52 kB[39m[2m | [22m
[32mchunk-DYFUPHYL.js[39m  [2m | [22m[2m-[22m              [2m | [22m [36m2.95 kB[39m[2m | [22m
[32mchunk-OUMXKERF.js[39m  [2m | [22m[2mmain[22m           [2m | [22m [36m2.94 kB[39m[2m | [22m

Application bundle generation complete. [0.077 seconds] - 2026-03-21T17:47:04.958Z

Page reload sent to client(s).
[33m>[39m Changes detected. Rebuilding...
[32m√[39m Changes detected. Rebuilding...
[1mInitial chunk files[22m[2m | [22m[1mNames[22m [2m | [22m[1mRaw size[22m
[32mmain.js[39m            [2m | [22m[2mmain[22m  [2m | [22m[36m37.55 kB[39m[2m | [22m

[1mLazy chunk files[22m   [2m | [22m[1mNames[22m [2m | [22m[1mRaw size[22m
[32mchunk-NEVM5AZB.js[39m  [2m | [22m[2mlayout[22m[2m | [22m[36m19.16 kB[39m[2m | [22m

Application bundle generation complete. [0.232 seconds] - 2026-03-21T17:50:36.984Z

Component update sent to client(s).
[33m>[39m Changes detected. Rebuilding...
[32m√[39m Changes detected. Rebuilding...
Application bundle generation failed. [0.155 seconds] - 2026-03-21T17:50:40.727Z

[33m>[39m Changes detected. Rebuilding...
[32m√[39m Changes detected. Rebuilding...
[1mInitial chunk files[22m[2m | [22m[1mNames[22m          [2m | [22m[1mRaw size[22m
[32mstyles.css[39m         [2m | [22m[2mstyles[22m         [2m | [22m[36m48.87 kB[39m[2m | [22m
[32mmain.js[39m            [2m | [22m[2mmain[22m           [2m | [22m[36m37.55 kB[39m[2m | [22m
[32mchunk-UY4NM7BU.js[39m  [2m | [22m[2m-[22m              [2m | [22m [36m7.99 kB[39m[2m | [22m
[32mchunk-PSGPVEXL.js[39m  [2m | [22m[2m-[22m              [2m | [22m [36m1.62 kB[39m[2m | [22m
[32mchunk-CZJLB7T5.js[39m  [2m | [22m[2m-[22m              [2m | [22m [36m1.08 kB[39m[2m | [22m

[1m [22m                  [2m | [22m[1mInitial total[22m  [2m | [22m[1m97.11 kB[22m

[1mLazy chunk files[22m   [2m | [22m[1mNames[22m          [2m | [22m[1mRaw size[22m
[32mchunk-2D5EN3S5.js[39m  [2m | [22m[2mlayout[22m         [2m | [22m[36m20.11 kB[39m[2m | [22m
[32mchunk-SZWDFPNP.js[39m  [2m | [22m[2mlogin[22m          [2m | [22m[36m18.86 kB[39m[2m | [22m
[32mchunk-LNS7G73P.js[39m  [2m | [22m[2mregister[22m       [2m | [22m[36m12.47 kB[39m[2m | [22m
[32mchunk-YTNX46QP.js[39m  [2m | [22m[2mforgot-password[22m[2m | [22m [36m5.52 kB[39m[2m | [22m
[32mchunk-DYFUPHYL.js[39m  [2m | [22m[2m-[22m              [2m | [22m [36m2.95 kB[39m[2m | [22m
[32mchunk-OUMXKERF.js[39m  [2m | [22m[2mmain[22m           [2m | [22m [36m2.94 kB[39m[2m | [22m

Application bundle generation complete. [0.202 seconds] - 2026-03-21T17:50:47.003Z

Page reload sent to client(s).
[33m>[39m Changes detected. Rebuilding...
[32m√[39m Changes detected. Rebuilding...
[1mInitial chunk files[22m[2m | [22m[1mNames[22m          [2m | [22m[1mRaw size[22m
[32mstyles.css[39m         [2m | [22m[2mstyles[22m         [2m | [22m[36m48.87 kB[39m[2m | [22m
[32mmain.js[39m            [2m | [22m[2mmain[22m           [2m | [22m[36m37.55 kB[39m[2m | [22m
[32mchunk-UY4NM7BU.js[39m  [2m | [22m[2m-[22m              [2m | [22m [36m7.99 kB[39m[2m | [22m
[32mchunk-PSGPVEXL.js[39m  [2m | [22m[2m-[22m              [2m | [22m [36m1.62 kB[39m[2m | [22m
[32mchunk-CZJLB7T5.js[39m  [2m | [22m[2m-[22m              [2m | [22m [36m1.08 kB[39m[2m | [22m

[1m [22m                  [2m | [22m[1mInitial total[22m  [2m | [22m[1m97.11 kB[22m

[1mLazy chunk files[22m   [2m | [22m[1mNames[22m          [2m | [22m[1mRaw size[22m
[32mchunk-2D5EN3S5.js[39m  [2m | [22m[2mlayout[22m         [2m | [22m[36m20.11 kB[39m[2m | [22m
[32mchunk-SZWDFPNP.js[39m  [2m | [22m[2mlogin[22m          [2m | [22m[36m18.86 kB[39m[2m | [22m
[32mchunk-LNS7G73P.js[39m  [2m | [22m[2mregister[22m       [2m | [22m[36m12.47 kB[39m[2m | [22m
[32mchunk-YTNX46QP.js[39m  [2m | [22m[2mforgot-password[22m[2m | [22m [36m5.52 kB[39m[2m | [22m
[32mchunk-DYFUPHYL.js[39m  [2m | [22m[2m-[22m              [2m | [22m [36m2.95 kB[39m[2m | [22m
[32mchunk-OUMXKERF.js[39m  [2m | [22m[2mmain[22m           [2m | [22m [36m2.94 kB[39m[2m | [22m

Application bundle generation complete. [0.167 seconds] - 2026-03-21T17:55:32.140Z

Page reload sent to client(s).
[33m>[39m Changes detected. Rebuilding...
[32m√[39m Changes detected. Rebuilding...
[1mInitial chunk files[22m[2m | [22m[1mNames[22m          [2m | [22m[1mRaw size[22m
[32mmain.js[39m            [2m | [22m[2mmain[22m           [2m | [22m[36m37.55 kB[39m[2m | [22m

[1mLazy chunk files[22m   [2m | [22m[1mNames[22m          [2m | [22m[1mRaw size[22m
[32mchunk-EKIWH44W.js[39m  [2m | [22m[2m-[22m              [2m | [22m[36m17.18 kB[39m[2m | [22m
[32mchunk-USLKE26R.js[39m  [2m | [22m[2mregister[22m       [2m | [22m[36m12.57 kB[39m[2m | [22m
[32mchunk-NCXD6SKK.js[39m  [2m | [22m[2mforgot-password[22m[2m | [22m [36m5.72 kB[39m[2m | [22m
[32mchunk-4OPE5XDG.js[39m  [2m | [22m[2mlayout[22m         [2m | [22m [36m2.52 kB[39m[2m | [22m

Application bundle generation complete. [0.825 seconds] - 2026-03-21T17:56:10.633Z

Page reload sent to client(s).
[33m>[39m Changes detected. Rebuilding...
[32m√[39m Changes detected. Rebuilding...
[1mInitial chunk files[22m[2m | [22m[1mNames[22m          [2m | [22m[1mRaw size[22m
[32mmain.js[39m            [2m | [22m[2mmain[22m           [2m | [22m[36m37.55 kB[39m[2m | [22m

[1mLazy chunk files[22m   [2m | [22m[1mNames[22m          [2m | [22m[1mRaw size[22m
[32mchunk-CNWXNW7V.js[39m  [2m | [22m[2mregister[22m       [2m | [22m[36m12.61 kB[39m[2m | [22m
[32mchunk-W5XCYRAJ.js[39m  [2m | [22m[2mforgot-password[22m[2m | [22m [36m5.70 kB[39m[2m | [22m

Application bundle generation complete. [0.632 seconds] - 2026-03-21T17:57:02.966Z

Component update sent to client(s).
[33m>[39m Changes detected. Rebuilding...
[32m√[39m Changes detected. Rebuilding...
[1mInitial chunk files[22m[2m | [22m[1mNames[22m          [2m | [22m[1mRaw size[22m
[32mmain.js[39m            [2m | [22m[2mmain[22m           [2m | [22m[36m37.61 kB[39m[2m | [22m
[32mchunk-QU2YOLS7.js[39m  [2m | [22m[2m-[22m              [2m | [22m[36m10.90 kB[39m[2m | [22m

[1mLazy chunk files[22m   [2m | [22m[1mNames[22m          [2m | [22m[1mRaw size[22m
[32mchunk-WKQNHJS3.js[39m  [2m | [22m[2mlogin[22m          [2m | [22m[36m18.83 kB[39m[2m | [22m
[32mchunk-OO7EK622.js[39m  [2m | [22m[2m-[22m              [2m | [22m[36m17.25 kB[39m[2m | [22m
[32mchunk-N4H3AQDC.js[39m  [2m | [22m[2mregister[22m       [2m | [22m[36m12.58 kB[39m[2m | [22m
[32mchunk-6I3UYAR3.js[39m  [2m | [22m[2mforgot-password[22m[2m | [22m [36m5.67 kB[39m[2m | [22m
[32mchunk-ZIZB5LX7.js[39m  [2m | [22m[2mlayout[22m         [2m | [22m [36m2.49 kB[39m[2m | [22m

Application bundle generation complete. [0.764 seconds] - 2026-03-21T17:57:47.418Z

Page reload sent to client(s).
[33m>[39m Changes detected. Rebuilding...
[32m√[39m Changes detected. Rebuilding...
[1mInitial chunk files[22m[2m | [22m[1mNames[22m          [2m | [22m[1mRaw size[22m
[32mmain.js[39m            [2m | [22m[2mmain[22m           [2m | [22m[36m36.69 kB[39m[2m | [22m

[1mLazy chunk files[22m   [2m | [22m[1mNames[22m          [2m | [22m[1mRaw size[22m
[32mchunk-BWZIDIFX.js[39m  [2m | [22m[2m-[22m              [2m | [22m[36m17.38 kB[39m[2m | [22m
[32mchunk-WRT5IK2V.js[39m  [2m | [22m[2mregister[22m       [2m | [22m[36m12.58 kB[39m[2m | [22m
[32mchunk-C6O4EJHT.js[39m  [2m | [22m[2mforgot-password[22m[2m | [22m [36m5.67 kB[39m[2m | [22m
[32mchunk-6XUQYJPQ.js[39m  [2m | [22m[2mlayout[22m         [2m | [22m [36m2.49 kB[39m[2m | [22m

Application bundle generation complete. [0.372 seconds] - 2026-03-21T17:58:07.930Z

Component update sent to client(s).
[33m>[39m Changes detected. Rebuilding...
[32m√[39m Changes detected. Rebuilding...
[1mInitial chunk files[22m[2m | [22m[1mNames[22m          [2m | [22m[1mRaw size[22m
[32mstyles.css[39m         [2m | [22m[2mstyles[22m         [2m | [22m[36m48.87 kB[39m[2m | [22m
[32mmain.js[39m            [2m | [22m[2mmain[22m           [2m | [22m[36m36.69 kB[39m[2m | [22m
[32mchunk-QU2YOLS7.js[39m  [2m | [22m[2m-[22m              [2m | [22m[36m10.90 kB[39m[2m | [22m
[32mchunk-PSGPVEXL.js[39m  [2m | [22m[2m-[22m              [2m | [22m [36m1.62 kB[39m[2m | [22m
[32mchunk-CZJLB7T5.js[39m  [2m | [22m[2m-[22m              [2m | [22m [36m1.08 kB[39m[2m | [22m

[1m [22m                  [2m | [22m[1mInitial total[22m  [2m | [22m[1m99.16 kB[22m

[1mLazy chunk files[22m   [2m | [22m[1mNames[22m          [2m | [22m[1mRaw size[22m
[32mchunk-WKQNHJS3.js[39m  [2m | [22m[2mlogin[22m          [2m | [22m[36m18.83 kB[39m[2m | [22m
[32mchunk-BWZIDIFX.js[39m  [2m | [22m[2m-[22m              [2m | [22m[36m17.38 kB[39m[2m | [22m
[32mchunk-WRT5IK2V.js[39m  [2m | [22m[2mregister[22m       [2m | [22m[36m12.58 kB[39m[2m | [22m
[32mchunk-C6O4EJHT.js[39m  [2m | [22m[2mforgot-password[22m[2m | [22m [36m5.67 kB[39m[2m | [22m
[32mchunk-OUMXKERF.js[39m  [2m | [22m[2mmain[22m           [2m | [22m [36m2.94 kB[39m[2m | [22m
[32mchunk-6XUQYJPQ.js[39m  [2m | [22m[2mlayout[22m         [2m | [22m [36m2.49 kB[39m[2m | [22m

Application bundle generation complete. [0.074 seconds] - 2026-03-21T18:02:35.063Z

Page reload sent to client(s).
[33m>[39m Changes detected. Rebuilding...
[32m√[39m Changes detected. Rebuilding...
[1mInitial chunk files[22m[2m | [22m[1mNames[22m          [2m | [22m[1mRaw size[22m
[32mstyles.css[39m         [2m | [22m[2mstyles[22m         [2m | [22m[36m48.87 kB[39m[2m | [22m
[32mmain.js[39m            [2m | [22m[2mmain[22m           [2m | [22m[36m36.69 kB[39m[2m | [22m
[32mchunk-QU2YOLS7.js[39m  [2m | [22m[2m-[22m              [2m | [22m[36m10.90 kB[39m[2m | [22m
[32mchunk-PSGPVEXL.js[39m  [2m | [22m[2m-[22m              [2m | [22m [36m1.62 kB[39m[2m | [22m
[32mchunk-CZJLB7T5.js[39m  [2m | [22m[2m-[22m              [2m | [22m [36m1.08 kB[39m[2m | [22m

[1m [22m                  [2m | [22m[1mInitial total[22m  [2m | [22m[1m99.16 kB[22m

[1mLazy chunk files[22m   [2m | [22m[1mNames[22m          [2m | [22m[1mRaw size[22m
[32mchunk-WKQNHJS3.js[39m  [2m | [22m[2mlogin[22m          [2m | [22m[36m18.83 kB[39m[2m | [22m
[32mchunk-BWZIDIFX.js[39m  [2m | [22m[2m-[22m              [2m | [22m[36m17.38 kB[39m[2m | [22m
[32mchunk-WRT5IK2V.js[39m  [2m | [22m[2mregister[22m       [2m | [22m[36m12.58 kB[39m[2m | [22m
[32mchunk-C6O4EJHT.js[39m  [2m | [22m[2mforgot-password[22m[2m | [22m [36m5.67 kB[39m[2m | [22m
[32mchunk-OUMXKERF.js[39m  [2m | [22m[2mmain[22m           [2m | [22m [36m2.94 kB[39m[2m | [22m
[32mchunk-6XUQYJPQ.js[39m  [2m | [22m[2mlayout[22m         [2m | [22m [36m2.49 kB[39m[2m | [22m

Application bundle generation complete. [0.069 seconds] - 2026-03-21T18:02:49.391Z

Page reload sent to client(s).
[33m>[39m Changes detected. Rebuilding...
[32m√[39m Changes detected. Rebuilding...
[1mInitial chunk files[22m[2m | [22m[1mNames[22m          [2m | [22m[1mRaw size[22m
[32mmain.js[39m            [2m | [22m[2mmain[22m           [2m | [22m[36m36.69 kB[39m[2m | [22m

[1mLazy chunk files[22m   [2m | [22m[1mNames[22m          [2m | [22m[1mRaw size[22m
[32mchunk-2DO4QX7V.js[39m  [2m | [22m[2m-[22m              [2m | [22m[36m17.54 kB[39m[2m | [22m
[32mchunk-RRGVFQ6N.js[39m  [2m | [22m[2mregister[22m       [2m | [22m[36m12.58 kB[39m[2m | [22m
[32mchunk-2NZW5KMN.js[39m  [2m | [22m[2mforgot-password[22m[2m | [22m [36m5.67 kB[39m[2m | [22m
[32mchunk-T2TOWAOB.js[39m  [2m | [22m[2mlayout[22m         [2m | [22m [36m2.49 kB[39m[2m | [22m

Application bundle generation complete. [0.363 seconds] - 2026-03-21T18:03:10.060Z

Component update sent to client(s).
[33m>[39m Changes detected. Rebuilding...
[32m√[39m Changes detected. Rebuilding...
[1mInitial chunk files[22m[2m | [22m[1mNames[22m          [2m | [22m[1mRaw size[22m
[32mmain.js[39m            [2m | [22m[2mmain[22m           [2m | [22m[36m36.69 kB[39m[2m | [22m

[1mLazy chunk files[22m   [2m | [22m[1mNames[22m          [2m | [22m[1mRaw size[22m
[32mchunk-SWX63I4D.js[39m  [2m | [22m[2m-[22m              [2m | [22m[36m17.55 kB[39m[2m | [22m
[32mchunk-SJBW757Q.js[39m  [2m | [22m[2mregister[22m       [2m | [22m[36m12.58 kB[39m[2m | [22m
[32mchunk-B5WTV2GN.js[39m  [2m | [22m[2mforgot-password[22m[2m | [22m [36m5.67 kB[39m[2m | [22m
[32mchunk-BPHQTLDM.js[39m  [2m | [22m[2mlayout[22m         [2m | [22m [36m2.49 kB[39m[2m | [22m

Application bundle generation complete. [0.237 seconds] - 2026-03-21T18:03:24.790Z

Component update sent to client(s).
[33m>[39m Changes detected. Rebuilding...
[32m√[39m Changes detected. Rebuilding...
[1mInitial chunk files[22m[2m | [22m[1mNames[22m          [2m | [22m[1mRaw size[22m
[32mstyles.css[39m         [2m | [22m[2mstyles[22m         [2m | [22m[36m48.87 kB[39m[2m | [22m
[32mmain.js[39m            [2m | [22m[2mmain[22m           [2m | [22m[36m36.69 kB[39m[2m | [22m
[32mchunk-QU2YOLS7.js[39m  [2m | [22m[2m-[22m              [2m | [22m[36m10.90 kB[39m[2m | [22m
[32mchunk-PSGPVEXL.js[39m  [2m | [22m[2m-[22m              [2m | [22m [36m1.62 kB[39m[2m | [22m
[32mchunk-CZJLB7T5.js[39m  [2m | [22m[2m-[22m              [2m | [22m [36m1.08 kB[39m[2m | [22m

[1m [22m                  [2m | [22m[1mInitial total[22m  [2m | [22m[1m99.16 kB[22m

[1mLazy chunk files[22m   [2m | [22m[1mNames[22m          [2m | [22m[1mRaw size[22m
[32mchunk-WKQNHJS3.js[39m  [2m | [22m[2mlogin[22m          [2m | [22m[36m18.83 kB[39m[2m | [22m
[32mchunk-SWX63I4D.js[39m  [2m | [22m[2m-[22m              [2m | [22m[36m17.55 kB[39m[2m | [22m
[32mchunk-SJBW757Q.js[39m  [2m | [22m[2mregister[22m       [2m | [22m[36m12.58 kB[39m[2m | [22m
[32mchunk-B5WTV2GN.js[39m  [2m | [22m[2mforgot-password[22m[2m | [22m [36m5.67 kB[39m[2m | [22m
[32mchunk-OUMXKERF.js[39m  [2m | [22m[2mmain[22m           [2m | [22m [36m2.94 kB[39m[2m | [22m
[32mchunk-BPHQTLDM.js[39m  [2m | [22m[2mlayout[22m         [2m | [22m [36m2.49 kB[39m[2m | [22m

Application bundle generation complete. [0.214 seconds] - 2026-03-21T18:03:29.001Z

Component update sent to client(s).
[33m>[39m Changes detected. Rebuilding...
[32m√[39m Changes detected. Rebuilding...
[1mInitial chunk files[22m[2m | [22m[1mNames[22m          [2m | [22m[1mRaw size[22m
[32mmain.js[39m            [2m | [22m[2mmain[22m           [2m | [22m[36m36.69 kB[39m[2m | [22m

[1mLazy chunk files[22m   [2m | [22m[1mNames[22m          [2m | [22m[1mRaw size[22m
[32mchunk-EHLNSES6.js[39m  [2m | [22m[2m-[22m              [2m | [22m[36m17.57 kB[39m[2m | [22m
[32mchunk-FITF6E23.js[39m  [2m | [22m[2mregister[22m       [2m | [22m[36m12.58 kB[39m[2m | [22m
[32mchunk-ZSYWDEAK.js[39m  [2m | [22m[2mforgot-password[22m[2m | [22m [36m5.67 kB[39m[2m | [22m
[32mchunk-PJGEQTP7.js[39m  [2m | [22m[2mlayout[22m         [2m | [22m [36m2.49 kB[39m[2m | [22m

Application bundle generation complete. [0.184 seconds] - 2026-03-21T18:03:57.313Z

Component update sent to client(s).
[33m>[39m Changes detected. Rebuilding...
[32m√[39m Changes detected. Rebuilding...
[1mInitial chunk files[22m[2m | [22m[1mNames[22m          [2m | [22m[1mRaw size[22m
[32mmain.js[39m            [2m | [22m[2mmain[22m           [2m | [22m[36m36.69 kB[39m[2m | [22m

[1mLazy chunk files[22m   [2m | [22m[1mNames[22m          [2m | [22m[1mRaw size[22m
[32mchunk-RDWDIXIN.js[39m  [2m | [22m[2m-[22m              [2m | [22m[36m17.57 kB[39m[2m | [22m
[32mchunk-3E2R5ENU.js[39m  [2m | [22m[2mregister[22m       [2m | [22m[36m12.58 kB[39m[2m | [22m
[32mchunk-ERRFAGH7.js[39m  [2m | [22m[2mforgot-password[22m[2m | [22m [36m5.67 kB[39m[2m | [22m
[32mchunk-OKA3R5GW.js[39m  [2m | [22m[2mlayout[22m         [2m | [22m [36m2.49 kB[39m[2m | [22m

Application bundle generation complete. [0.254 seconds] - 2026-03-21T18:04:26.750Z

Component update sent to client(s).
[33m>[39m Changes detected. Rebuilding...
[32m√[39m Changes detected. Rebuilding...
[1mInitial chunk files[22m[2m | [22m[1mNames[22m          [2m | [22m[1mRaw size[22m
[32mmain.js[39m            [2m | [22m[2mmain[22m           [2m | [22m[36m36.69 kB[39m[2m | [22m

[1mLazy chunk files[22m   [2m | [22m[1mNames[22m          [2m | [22m[1mRaw size[22m
[32mchunk-3PJSQ55P.js[39m  [2m | [22m[2m-[22m              [2m | [22m[36m17.54 kB[39m[2m | [22m
[32mchunk-IGGR5H6C.js[39m  [2m | [22m[2mregister[22m       [2m | [22m[36m12.58 kB[39m[2m | [22m
[32mchunk-NYGVH765.js[39m  [2m | [22m[2mforgot-password[22m[2m | [22m [36m5.67 kB[39m[2m | [22m
[32mchunk-B3VKTO34.js[39m  [2m | [22m[2mlayout[22m         [2m | [22m [36m2.49 kB[39m[2m | [22m

Application bundle generation complete. [0.303 seconds] - 2026-03-21T18:04:57.860Z

Component update sent to client(s).
[33m>[39m Changes detected. Rebuilding...
[32m√[39m Changes detected. Rebuilding...
[1mInitial chunk files[22m[2m | [22m[1mNames[22m          [2m | [22m[1mRaw size[22m
[32mstyles.css[39m         [2m | [22m[2mstyles[22m         [2m | [22m[36m48.92 kB[39m[2m | [22m
[32mmain.js[39m            [2m | [22m[2mmain[22m           [2m | [22m[36m36.69 kB[39m[2m | [22m

[1mLazy chunk files[22m   [2m | [22m[1mNames[22m          [2m | [22m[1mRaw size[22m
[32mchunk-N2KZY224.js[39m  [2m | [22m[2m-[22m              [2m | [22m[36m17.54 kB[39m[2m | [22m
[32mchunk-347JSBWD.js[39m  [2m | [22m[2mregister[22m       [2m | [22m[36m12.58 kB[39m[2m | [22m
[32mchunk-VH3QNIPI.js[39m  [2m | [22m[2mforgot-password[22m[2m | [22m [36m5.67 kB[39m[2m | [22m
[32mchunk-FIIHLJPM.js[39m  [2m | [22m[2mlayout[22m         [2m | [22m [36m2.49 kB[39m[2m | [22m

Application bundle generation complete. [0.215 seconds] - 2026-03-21T18:05:14.849Z

Stylesheet update sent to client(s).
Component update sent to client(s).
[33m>[39m Changes detected. Rebuilding...
[32m√[39m Changes detected. Rebuilding...
[1mInitial chunk files[22m[2m | [22m[1mNames[22m [2m | [22m[1mRaw size[22m
[32mstyles.css[39m         [2m | [22m[2mstyles[22m[2m | [22m[36m52.84 kB[39m[2m | [22m
[32mmain.js[39m            [2m | [22m[2mmain[22m  [2m | [22m[36m36.69 kB[39m[2m | [22m

[1mLazy chunk files[22m   [2m | [22m[1mNames[22m [2m | [22m[1mRaw size[22m
[32mchunk-NUIY3U7C.js[39m  [2m | [22m[2mmain[22m  [2m | [22m [36m4.72 kB[39m[2m | [22m

Application bundle generation complete. [0.241 seconds] - 2026-03-21T18:05:58.117Z

Stylesheet update sent to client(s).
Component update sent to client(s).
[33m>[39m Changes detected. Rebuilding...
[32m√[39m Changes detected. Rebuilding...
[1mInitial chunk files[22m[2m | [22m[1mNames[22m [2m | [22m[1mRaw size[22m
[32mstyles.css[39m         [2m | [22m[2mstyles[22m[2m | [22m[36m53.38 kB[39m[2m | [22m
[32mmain.js[39m            [2m | [22m[2mmain[22m  [2m | [22m[36m36.69 kB[39m[2m | [22m

[1mLazy chunk files[22m   [2m | [22m[1mNames[22m [2m | [22m[1mRaw size[22m
[32mchunk-GLNFMYQJ.js[39m  [2m | [22m[2mmain[22m  [2m | [22m [36m5.84 kB[39m[2m | [22m

Application bundle generation complete. [0.298 seconds] - 2026-03-21T18:06:50.038Z

Stylesheet update sent to client(s).
Component update sent to client(s).
[33m>[39m Changes detected. Rebuilding...
[32m√[39m Changes detected. Rebuilding...
[1mInitial chunk files[22m[2m | [22m[1mNames[22m [2m | [22m[1mRaw size[22m
[32mstyles.css[39m         [2m | [22m[2mstyles[22m[2m | [22m[36m53.49 kB[39m[2m | [22m
[32mmain.js[39m            [2m | [22m[2mmain[22m  [2m | [22m[36m36.69 kB[39m[2m | [22m

[1mLazy chunk files[22m   [2m | [22m[1mNames[22m [2m | [22m[1mRaw size[22m
[32mchunk-CLXQU2PW.js[39m  [2m | [22m[2mmain[22m  [2m | [22m [36m4.78 kB[39m[2m | [22m

Application bundle generation complete. [0.309 seconds] - 2026-03-21T18:07:35.479Z

Stylesheet update sent to client(s).
Component update sent to client(s).
[33m>[39m Changes detected. Rebuilding...
[32m√[39m Changes detected. Rebuilding...
[1mInitial chunk files[22m[2m | [22m[1mNames[22m [2m | [22m[1mRaw size[22m
[32mmain.js[39m            [2m | [22m[2mmain[22m  [2m | [22m[36m36.69 kB[39m[2m | [22m

[1mLazy chunk files[22m   [2m | [22m[1mNames[22m [2m | [22m[1mRaw size[22m
[32mchunk-VKIIGTFD.js[39m  [2m | [22m[2mmain[22m  [2m | [22m [36m4.76 kB[39m[2m | [22m
[32mchunk-LOT3HGTM.js[39m  [2m | [22m[2mlayout[22m[2m | [22m [36m2.58 kB[39m[2m | [22m

Application bundle generation complete. [0.353 seconds] - 2026-03-21T18:08:44.099Z

Component update sent to client(s).
[33m>[39m Changes detected. Rebuilding...
[32m√[39m Changes detected. Rebuilding...
Application bundle generation failed. [0.648 seconds] - 2026-03-21T18:11:02.387Z

[33m>[39m Changes detected. Rebuilding...
[32m√[39m Changes detected. Rebuilding...
[1mInitial chunk files[22m[2m | [22m[1mNames[22m          [2m | [22m [1mRaw size[22m
[32mmain.js[39m            [2m | [22m[2mmain[22m           [2m | [22m [36m55.28 kB[39m[2m | [22m
[32mstyles.css[39m         [2m | [22m[2mstyles[22m         [2m | [22m [36m54.92 kB[39m[2m | [22m
[32mchunk-V4G57IN6.js[39m  [2m | [22m[2m-[22m              [2m | [22m  [36m9.59 kB[39m[2m | [22m
[32mchunk-DYFUPHYL.js[39m  [2m | [22m[2m-[22m              [2m | [22m  [36m2.95 kB[39m[2m | [22m
[32mchunk-CZJLB7T5.js[39m  [2m | [22m[2m-[22m              [2m | [22m  [36m1.08 kB[39m[2m | [22m

[1m [22m                  [2m | [22m[1mInitial total[22m  [2m | [22m[1m123.82 kB[22m

[1mLazy chunk files[22m   [2m | [22m[1mNames[22m          [2m | [22m [1mRaw size[22m
[32mchunk-RFNBKH7N.js[39m  [2m | [22m[2mlogin[22m          [2m | [22m [36m18.83 kB[39m[2m | [22m
[32mchunk-55MRBVUJ.js[39m  [2m | [22m[2mregister[22m       [2m | [22m [36m12.40 kB[39m[2m | [22m
[32mchunk-BQ2RJWV2.js[39m  [2m | [22m[2mforgot-password[22m[2m | [22m  [36m5.49 kB[39m[2m | [22m
[32mchunk-VKIIGTFD.js[39m  [2m | [22m[2mmain[22m           [2m | [22m  [36m4.76 kB[39m[2m | [22m

Application bundle generation complete. [0.442 seconds] - 2026-03-21T18:11:33.655Z

Page reload sent to client(s).
[33m>[39m Changes detected. Rebuilding...
[32m√[39m Changes detected. Rebuilding...
[1mInitial chunk files[22m[2m | [22m[1mNames[22m[2m | [22m[1mRaw size[22m
[32mmain.js[39m            [2m | [22m[2mmain[22m [2m | [22m[36m55.28 kB[39m[2m | [22m

[1mLazy chunk files[22m   [2m | [22m[1mNames[22m[2m | [22m[1mRaw size[22m
[32mchunk-FE7WAV5P.js[39m  [2m | [22m[2mmain[22m [2m | [22m [36m4.12 kB[39m[2m | [22m

Application bundle generation complete. [0.511 seconds] - 2026-03-21T18:12:34.991Z

Component update sent to client(s).
[33m>[39m Changes detected. Rebuilding...
[32m√[39m Changes detected. Rebuilding...
[1mInitial chunk files[22m[2m | [22m[1mNames[22m          [2m | [22m [1mRaw size[22m
[32mmain.js[39m            [2m | [22m[2mmain[22m           [2m | [22m [36m55.28 kB[39m[2m | [22m
[32mstyles.css[39m         [2m | [22m[2mstyles[22m         [2m | [22m [36m54.92 kB[39m[2m | [22m
[32mchunk-V4G57IN6.js[39m  [2m | [22m[2m-[22m              [2m | [22m  [36m9.59 kB[39m[2m | [22m
[32mchunk-DYFUPHYL.js[39m  [2m | [22m[2m-[22m              [2m | [22m  [36m2.95 kB[39m[2m | [22m
[32mchunk-CZJLB7T5.js[39m  [2m | [22m[2m-[22m              [2m | [22m  [36m1.08 kB[39m[2m | [22m

[1m [22m                  [2m | [22m[1mInitial total[22m  [2m | [22m[1m123.82 kB[22m

[1mLazy chunk files[22m   [2m | [22m[1mNames[22m          [2m | [22m [1mRaw size[22m
[32mchunk-RFNBKH7N.js[39m  [2m | [22m[2mlogin[22m          [2m | [22m [36m18.83 kB[39m[2m | [22m
[32mchunk-55MRBVUJ.js[39m  [2m | [22m[2mregister[22m       [2m | [22m [36m12.40 kB[39m[2m | [22m
[32mchunk-BQ2RJWV2.js[39m  [2m | [22m[2mforgot-password[22m[2m | [22m  [36m5.49 kB[39m[2m | [22m
[32mchunk-FE7WAV5P.js[39m  [2m | [22m[2mmain[22m           [2m | [22m  [36m4.12 kB[39m[2m | [22m

Application bundle generation complete. [0.332 seconds] - 2026-03-21T18:12:49.338Z

[33m>[39m Changes detected. Rebuilding...
[32m√[39m Changes detected. Rebuilding...
[1mInitial chunk files[22m[2m | [22m[1mNames[22m[2m | [22m[1mRaw size[22m
[32mmain.js[39m            [2m | [22m[2mmain[22m [2m | [22m[36m55.34 kB[39m[2m | [22m

Application bundle generation complete. [0.408 seconds] - 2026-03-21T18:13:59.921Z

Component update sent to client(s).
[33m>[39m Changes detected. Rebuilding...
[32m√[39m Changes detected. Rebuilding...
[1mInitial chunk files[22m[2m | [22m[1mNames[22m[2m | [22m[1mRaw size[22m
[32mmain.js[39m            [2m | [22m[2mmain[22m [2m | [22m[36m55.34 kB[39m[2m | [22m

[1mLazy chunk files[22m   [2m | [22m[1mNames[22m[2m | [22m[1mRaw size[22m
[32mchunk-CRDFY6NK.js[39m  [2m | [22m[2mmain[22m [2m | [22m [36m4.14 kB[39m[2m | [22m

Application bundle generation complete. [0.286 seconds] - 2026-03-21T18:14:15.518Z

Component update sent to client(s).
[33m>[39m Changes detected. Rebuilding...
[32m√[39m Changes detected. Rebuilding...
[1mInitial chunk files[22m[2m | [22m[1mNames[22m [2m | [22m[1mRaw size[22m
[32mmain.js[39m            [2m | [22m[2mmain[22m  [2m | [22m[36m55.34 kB[39m[2m | [22m
[32mstyles.css[39m         [2m | [22m[2mstyles[22m[2m | [22m[36m55.20 kB[39m[2m | [22m

[1mLazy chunk files[22m   [2m | [22m[1mNames[22m [2m | [22m[1mRaw size[22m
[32mchunk-S3JX3G63.js[39m  [2m | [22m[2mmain[22m  [2m | [22m [36m4.14 kB[39m[2m | [22m

Application bundle generation complete. [0.219 seconds] - 2026-03-21T18:14:38.086Z

Stylesheet update sent to client(s).
Component update sent to client(s).
[33m>[39m Changes detected. Rebuilding...
[32m√[39m Changes detected. Rebuilding...
[1mInitial chunk files[22m[2m | [22m[1mNames[22m          [2m | [22m [1mRaw size[22m
[32mmain.js[39m            [2m | [22m[2mmain[22m           [2m | [22m [36m55.34 kB[39m[2m | [22m
[32mstyles.css[39m         [2m | [22m[2mstyles[22m         [2m | [22m [36m55.20 kB[39m[2m | [22m
[32mchunk-V4G57IN6.js[39m  [2m | [22m[2m-[22m              [2m | [22m  [36m9.59 kB[39m[2m | [22m
[32mchunk-DYFUPHYL.js[39m  [2m | [22m[2m-[22m              [2m | [22m  [36m2.95 kB[39m[2m | [22m
[32mchunk-CZJLB7T5.js[39m  [2m | [22m[2m-[22m              [2m | [22m  [36m1.08 kB[39m[2m | [22m

[1m [22m                  [2m | [22m[1mInitial total[22m  [2m | [22m[1m124.15 kB[22m

[1mLazy chunk files[22m   [2m | [22m[1mNames[22m          [2m | [22m [1mRaw size[22m
[32mchunk-RFNBKH7N.js[39m  [2m | [22m[2mlogin[22m          [2m | [22m [36m18.83 kB[39m[2m | [22m
[32mchunk-55MRBVUJ.js[39m  [2m | [22m[2mregister[22m       [2m | [22m [36m12.40 kB[39m[2m | [22m
[32mchunk-BQ2RJWV2.js[39m  [2m | [22m[2mforgot-password[22m[2m | [22m  [36m5.49 kB[39m[2m | [22m
[32mchunk-S3JX3G63.js[39m  [2m | [22m[2mmain[22m           [2m | [22m  [36m4.14 kB[39m[2m | [22m

Application bundle generation complete. [0.356 seconds] - 2026-03-21T18:14:42.286Z

Component update sent to client(s).
[33m>[39m Changes detected. Rebuilding...
[32m√[39m Changes detected. Rebuilding...
[1mInitial chunk files[22m[2m | [22m[1mNames[22m [2m | [22m[1mRaw size[22m
[32mmain.js[39m            [2m | [22m[2mmain[22m  [2m | [22m[36m55.34 kB[39m[2m | [22m
[32mstyles.css[39m         [2m | [22m[2mstyles[22m[2m | [22m[36m55.24 kB[39m[2m | [22m

[1mLazy chunk files[22m   [2m | [22m[1mNames[22m [2m | [22m[1mRaw size[22m
[32mchunk-TJ2GSD3Z.js[39m  [2m | [22m[2mmain[22m  [2m | [22m [36m4.05 kB[39m[2m | [22m

Application bundle generation complete. [0.349 seconds] - 2026-03-21T18:16:09.576Z

Stylesheet update sent to client(s).
Component update sent to client(s).
[33m>[39m Changes detected. Rebuilding...
[32m√[39m Changes detected. Rebuilding...
[1mInitial chunk files[22m[2m | [22m[1mNames[22m[2m | [22m[1mRaw size[22m
[32mmain.js[39m            [2m | [22m[2mmain[22m [2m | [22m[36m55.34 kB[39m[2m | [22m

[1mLazy chunk files[22m   [2m | [22m[1mNames[22m[2m | [22m[1mRaw size[22m
[32mchunk-5WAPRZXG.js[39m  [2m | [22m[2mmain[22m [2m | [22m [36m3.31 kB[39m[2m | [22m

Application bundle generation complete. [0.264 seconds] - 2026-03-21T18:31:34.752Z

Page reload sent to client(s).
[33m>[39m Changes detected. Rebuilding...
[32m√[39m Changes detected. Rebuilding...
[1mInitial chunk files[22m[2m | [22m[1mNames[22m          [2m | [22m [1mRaw size[22m
[32mmain.js[39m            [2m | [22m[2mmain[22m           [2m | [22m [36m55.34 kB[39m[2m | [22m
[32mstyles.css[39m         [2m | [22m[2mstyles[22m         [2m | [22m [36m55.24 kB[39m[2m | [22m
[32mchunk-V4G57IN6.js[39m  [2m | [22m[2m-[22m              [2m | [22m  [36m9.59 kB[39m[2m | [22m
[32mchunk-DYFUPHYL.js[39m  [2m | [22m[2m-[22m              [2m | [22m  [36m2.95 kB[39m[2m | [22m
[32mchunk-CZJLB7T5.js[39m  [2m | [22m[2m-[22m              [2m | [22m  [36m1.08 kB[39m[2m | [22m

[1m [22m                  [2m | [22m[1mInitial total[22m  [2m | [22m[1m124.19 kB[22m

[1mLazy chunk files[22m   [2m | [22m[1mNames[22m          [2m | [22m [1mRaw size[22m
[32mchunk-RFNBKH7N.js[39m  [2m | [22m[2mlogin[22m          [2m | [22m [36m18.83 kB[39m[2m | [22m
[32mchunk-55MRBVUJ.js[39m  [2m | [22m[2mregister[22m       [2m | [22m [36m12.40 kB[39m[2m | [22m
[32mchunk-BQ2RJWV2.js[39m  [2m | [22m[2mforgot-password[22m[2m | [22m  [36m5.49 kB[39m[2m | [22m
[32mchunk-5WAPRZXG.js[39m  [2m | [22m[2mmain[22m           [2m | [22m  [36m3.31 kB[39m[2m | [22m

Application bundle generation complete. [0.042 seconds] - 2026-03-22T19:39:45.256Z

[33m>[39m Changes detected. Rebuilding...
[32m√[39m Changes detected. Rebuilding...
[1mInitial chunk files[22m[2m | [22m[1mNames[22m          [2m | [22m [1mRaw size[22m
[32mmain.js[39m            [2m | [22m[2mmain[22m           [2m | [22m [36m55.34 kB[39m[2m | [22m
[32mstyles.css[39m         [2m | [22m[2mstyles[22m         [2m | [22m [36m55.24 kB[39m[2m | [22m
[32mchunk-V4G57IN6.js[39m  [2m | [22m[2m-[22m              [2m | [22m  [36m9.59 kB[39m[2m | [22m
[32mchunk-DYFUPHYL.js[39m  [2m | [22m[2m-[22m              [2m | [22m  [36m2.95 kB[39m[2m | [22m
[32mchunk-CZJLB7T5.js[39m  [2m | [22m[2m-[22m              [2m | [22m  [36m1.08 kB[39m[2m | [22m

[1m [22m                  [2m | [22m[1mInitial total[22m  [2m | [22m[1m124.19 kB[22m

[1mLazy chunk files[22m   [2m | [22m[1mNames[22m          [2m | [22m [1mRaw size[22m
[32mchunk-RFNBKH7N.js[39m  [2m | [22m[2mlogin[22m          [2m | [22m [36m18.83 kB[39m[2m | [22m
[32mchunk-55MRBVUJ.js[39m  [2m | [22m[2mregister[22m       [2m | [22m [36m12.40 kB[39m[2m | [22m
[32mchunk-BQ2RJWV2.js[39m  [2m | [22m[2mforgot-password[22m[2m | [22m  [36m5.49 kB[39m[2m | [22m
[32mchunk-5WAPRZXG.js[39m  [2m | [22m[2mmain[22m           [2m | [22m  [36m3.31 kB[39m[2m | [22m

Application bundle generation complete. [0.009 seconds] - 2026-03-22T19:39:53.826Z

[33m>[39m Changes detected. Rebuilding...
[32m√[39m Changes detected. Rebuilding...
[1mInitial chunk files[22m[2m | [22m[1mNames[22m          [2m | [22m [1mRaw size[22m
[32mmain.js[39m            [2m | [22m[2mmain[22m           [2m | [22m [36m55.34 kB[39m[2m | [22m
[32mstyles.css[39m         [2m | [22m[2mstyles[22m         [2m | [22m [36m55.24 kB[39m[2m | [22m
[32mchunk-V4G57IN6.js[39m  [2m | [22m[2m-[22m              [2m | [22m  [36m9.59 kB[39m[2m | [22m
[32mchunk-DYFUPHYL.js[39m  [2m | [22m[2m-[22m              [2m | [22m  [36m2.95 kB[39m[2m | [22m
[32mchunk-CZJLB7T5.js[39m  [2m | [22m[2m-[22m              [2m | [22m  [36m1.08 kB[39m[2m | [22m

[1m [22m                  [2m | [22m[1mInitial total[22m  [2m | [22m[1m124.19 kB[22m

[1mLazy chunk files[22m   [2m | [22m[1mNames[22m          [2m | [22m [1mRaw size[22m
[32mchunk-RFNBKH7N.js[39m  [2m | [22m[2mlogin[22m          [2m | [22m [36m18.83 kB[39m[2m | [22m
[32mchunk-55MRBVUJ.js[39m  [2m | [22m[2mregister[22m       [2m | [22m [36m12.40 kB[39m[2m | [22m
[32mchunk-BQ2RJWV2.js[39m  [2m | [22m[2mforgot-password[22m[2m | [22m  [36m5.49 kB[39m[2m | [22m
[32mchunk-5WAPRZXG.js[39m  [2m | [22m[2mmain[22m           [2m | [22m  [36m3.31 kB[39m[2m | [22m

Application bundle generation complete. [0.010 seconds] - 2026-03-22T19:40:05.589Z

[33m>[39m Changes detected. Rebuilding...
[32m√[39m Changes detected. Rebuilding...
[1mInitial chunk files[22m[2m | [22m[1mNames[22m          [2m | [22m [1mRaw size[22m
[32mmain.js[39m            [2m | [22m[2mmain[22m           [2m | [22m [36m55.34 kB[39m[2m | [22m
[32mstyles.css[39m         [2m | [22m[2mstyles[22m         [2m | [22m [36m55.24 kB[39m[2m | [22m
[32mchunk-V4G57IN6.js[39m  [2m | [22m[2m-[22m              [2m | [22m  [36m9.59 kB[39m[2m | [22m
[32mchunk-DYFUPHYL.js[39m  [2m | [22m[2m-[22m              [2m | [22m  [36m2.95 kB[39m[2m | [22m
[32mchunk-CZJLB7T5.js[39m  [2m | [22m[2m-[22m              [2m | [22m  [36m1.08 kB[39m[2m | [22m

[1m [22m                  [2m | [22m[1mInitial total[22m  [2m | [22m[1m124.19 kB[22m

[1mLazy chunk files[22m   [2m | [22m[1mNames[22m          [2m | [22m [1mRaw size[22m
[32mchunk-RFNBKH7N.js[39m  [2m | [22m[2mlogin[22m          [2m | [22m [36m18.83 kB[39m[2m | [22m
[32mchunk-55MRBVUJ.js[39m  [2m | [22m[2mregister[22m       [2m | [22m [36m12.40 kB[39m[2m | [22m
[32mchunk-BQ2RJWV2.js[39m  [2m | [22m[2mforgot-password[22m[2m | [22m  [36m5.49 kB[39m[2m | [22m
[32mchunk-5WAPRZXG.js[39m  [2m | [22m[2mmain[22m           [2m | [22m  [36m3.31 kB[39m[2m | [22m

Application bundle generation complete. [0.014 seconds] - 2026-03-22T19:40:32.135Z

Page reload sent to client(s).
[33m>[39m Changes detected. Rebuilding...
[32m√[39m Changes detected. Rebuilding...
[1mInitial chunk files[22m[2m | [22m[1mNames[22m[2m | [22m[1mRaw size[22m
[32mmain.js[39m            [2m | [22m[2mmain[22m [2m | [22m[36m55.34 kB[39m[2m | [22m

[1mLazy chunk files[22m   [2m | [22m[1mNames[22m[2m | [22m[1mRaw size[22m
[32mchunk-7HWHSSRP.js[39m  [2m | [22m[2mmain[22m [2m | [22m [36m3.31 kB[39m[2m | [22m

Application bundle generation complete. [0.665 seconds] - 2026-03-22T19:40:52.538Z

Component update sent to client(s).
[33m>[39m Changes detected. Rebuilding...
[32m√[39m Changes detected. Rebuilding...
[1mInitial chunk files[22m[2m | [22m[1mNames[22m[2m | [22m[1mRaw size[22m
[32mmain.js[39m            [2m | [22m[2mmain[22m [2m | [22m[36m55.48 kB[39m[2m | [22m

Application bundle generation complete. [0.352 seconds] - 2026-03-22T20:16:50.422Z

Component update sent to client(s).
[33m>[39m Changes detected. Rebuilding...
[32m√[39m Changes detected. Rebuilding...
[1mInitial chunk files[22m[2m | [22m[1mNames[22m[2m | [22m[1mRaw size[22m
[32mmain.js[39m            [2m | [22m[2mmain[22m [2m | [22m[36m55.51 kB[39m[2m | [22m

Application bundle generation complete. [0.541 seconds] - 2026-03-22T20:17:26.184Z

Component update sent to client(s).
[33m>[39m Changes detected. Rebuilding...
[32m√[39m Changes detected. Rebuilding...
Application bundle generation failed. [0.461 seconds] - 2026-03-22T20:17:27.945Z

[33m>[39m Changes detected. Rebuilding...
[32m√[39m Changes detected. Rebuilding...
[1mInitial chunk files[22m[2m | [22m[1mNames[22m          [2m | [22m [1mRaw size[22m
[32mmain.js[39m            [2m | [22m[2mmain[22m           [2m | [22m [36m55.51 kB[39m[2m | [22m
[32mstyles.css[39m         [2m | [22m[2mstyles[22m         [2m | [22m [36m55.24 kB[39m[2m | [22m
[32mchunk-V4G57IN6.js[39m  [2m | [22m[2m-[22m              [2m | [22m  [36m9.59 kB[39m[2m | [22m
[32mchunk-DYFUPHYL.js[39m  [2m | [22m[2m-[22m              [2m | [22m  [36m2.95 kB[39m[2m | [22m
[32mchunk-CZJLB7T5.js[39m  [2m | [22m[2m-[22m              [2m | [22m  [36m1.08 kB[39m[2m | [22m

[1m [22m                  [2m | [22m[1mInitial total[22m  [2m | [22m[1m124.36 kB[22m

[1mLazy chunk files[22m   [2m | [22m[1mNames[22m          [2m | [22m [1mRaw size[22m
[32mchunk-RFNBKH7N.js[39m  [2m | [22m[2mlogin[22m          [2m | [22m [36m18.83 kB[39m[2m | [22m
[32mchunk-55MRBVUJ.js[39m  [2m | [22m[2mregister[22m       [2m | [22m [36m12.40 kB[39m[2m | [22m
[32mchunk-BQ2RJWV2.js[39m  [2m | [22m[2mforgot-password[22m[2m | [22m  [36m5.49 kB[39m[2m | [22m
[32mchunk-7HWHSSRP.js[39m  [2m | [22m[2mmain[22m           [2m | [22m  [36m3.31 kB[39m[2m | [22m

Application bundle generation complete. [0.403 seconds] - 2026-03-22T20:17:44.704Z

Page reload sent to client(s).
[33m>[39m Changes detected. Rebuilding...
[32m√[39m Changes detected. Rebuilding...
[1mInitial chunk files[22m[2m | [22m[1mNames[22m[2m | [22m[1mRaw size[22m
[32mmain.js[39m            [2m | [22m[2mmain[22m [2m | [22m[36m55.01 kB[39m[2m | [22m

Application bundle generation complete. [0.335 seconds] - 2026-03-22T20:20:26.498Z

Component update sent to client(s).
[33m>[39m Changes detected. Rebuilding...
[32m√[39m Changes detected. Rebuilding...
[1mInitial chunk files[22m[2m | [22m[1mNames[22m [2m | [22m[1mRaw size[22m
[32mstyles.css[39m         [2m | [22m[2mstyles[22m[2m | [22m[36m58.41 kB[39m[2m | [22m
[32mmain.js[39m            [2m | [22m[2mmain[22m  [2m | [22m[36m55.80 kB[39m[2m | [22m

Application bundle generation complete. [0.853 seconds] - 2026-03-22T20:23:59.513Z

Page reload sent to client(s).
[33m>[39m Changes detected. Rebuilding...
[32m√[39m Changes detected. Rebuilding...
[1mInitial chunk files[22m[2m | [22m[1mNames[22m [2m | [22m[1mRaw size[22m
[32mmain.js[39m            [2m | [22m[2mmain[22m  [2m | [22m[36m61.88 kB[39m[2m | [22m
[32mstyles.css[39m         [2m | [22m[2mstyles[22m[2m | [22m[36m60.24 kB[39m[2m | [22m

Application bundle generation complete. [0.729 seconds] - 2026-03-22T20:24:53.492Z

Stylesheet update sent to client(s).
Component update sent to client(s).
[33m>[39m Changes detected. Rebuilding...
[32m√[39m Changes detected. Rebuilding...
[1mInitial chunk files[22m[2m | [22m[1mNames[22m       [2m | [22m[1mRaw size[22m
[32mmain.js[39m            [2m | [22m[2mmain[22m        [2m | [22m[36m63.25 kB[39m[2m | [22m

[1mLazy chunk files[22m   [2m | [22m[1mNames[22m       [2m | [22m[1mRaw size[22m
[32mchunk-43TGCEPK.js[39m  [2m | [22m[2mshop-section[22m[2m | [22m [36m4.42 kB[39m[2m | [22m

Application bundle generation complete. [0.504 seconds] - 2026-03-22T20:25:05.867Z

Page reload sent to client(s).
[33m>[39m Changes detected. Rebuilding...
[32m√[39m Changes detected. Rebuilding...
[1mInitial chunk files[22m[2m | [22m[1mNames[22m          [2m | [22m [1mRaw size[22m
[32mmain.js[39m            [2m | [22m[2mmain[22m           [2m | [22m [36m63.25 kB[39m[2m | [22m
[32mstyles.css[39m         [2m | [22m[2mstyles[22m         [2m | [22m [36m60.24 kB[39m[2m | [22m
[32mchunk-V4G57IN6.js[39m  [2m | [22m[2m-[22m              [2m | [22m  [36m9.59 kB[39m[2m | [22m
[32mchunk-DYFUPHYL.js[39m  [2m | [22m[2m-[22m              [2m | [22m  [36m2.95 kB[39m[2m | [22m
[32mchunk-CZJLB7T5.js[39m  [2m | [22m[2m-[22m              [2m | [22m  [36m1.08 kB[39m[2m | [22m

[1m [22m                  [2m | [22m[1mInitial total[22m  [2m | [22m[1m137.10 kB[22m

[1mLazy chunk files[22m   [2m | [22m[1mNames[22m          [2m | [22m [1mRaw size[22m
[32mchunk-RFNBKH7N.js[39m  [2m | [22m[2mlogin[22m          [2m | [22m [36m18.83 kB[39m[2m | [22m
[32mchunk-55MRBVUJ.js[39m  [2m | [22m[2mregister[22m       [2m | [22m [36m12.40 kB[39m[2m | [22m
[32mchunk-BQ2RJWV2.js[39m  [2m | [22m[2mforgot-password[22m[2m | [22m  [36m5.49 kB[39m[2m | [22m
[32mchunk-43TGCEPK.js[39m  [2m | [22m[2mshop-section[22m   [2m | [22m  [36m4.42 kB[39m[2m | [22m
[32mchunk-7HWHSSRP.js[39m  [2m | [22m[2mmain[22m           [2m | [22m  [36m3.31 kB[39m[2m | [22m

Application bundle generation complete. [0.117 seconds] - 2026-03-22T20:25:34.827Z

[33m>[39m Changes detected. Rebuilding...
[32m√[39m Changes detected. Rebuilding...
[1mInitial chunk files[22m[2m | [22m[1mNames[22m [2m | [22m[1mRaw size[22m
[32mmain.js[39m            [2m | [22m[2mmain[22m  [2m | [22m[36m63.80 kB[39m[2m | [22m
[32mstyles.css[39m         [2m | [22m[2mstyles[22m[2m | [22m[36m60.28 kB[39m[2m | [22m

Application bundle generation complete. [0.625 seconds] - 2026-03-22T20:58:46.730Z

Stylesheet update sent to client(s).
Component update sent to client(s).
[33m>[39m Changes detected. Rebuilding...
[32m√[39m Changes detected. Rebuilding...
[1mInitial chunk files[22m[2m | [22m[1mNames[22m[2m | [22m[1mRaw size[22m
[32mmain.js[39m            [2m | [22m[2mmain[22m [2m | [22m[36m56.25 kB[39m[2m | [22m

Application bundle generation complete. [1.026 seconds] - 2026-03-22T21:02:19.308Z

Page reload sent to client(s).
[33m>[39m Changes detected. Rebuilding...
[32m√[39m Changes detected. Rebuilding...
[1mInitial chunk files[22m[2m | [22m[1mNames[22m[2m | [22m[1mRaw size[22m
[32mmain.js[39m            [2m | [22m[2mmain[22m [2m | [22m[36m66.18 kB[39m[2m | [22m

Application bundle generation complete. [1.804 seconds] - 2026-03-22T21:02:55.530Z

Page reload sent to client(s).
[33m>[39m Changes detected. Rebuilding...
[32m√[39m Changes detected. Rebuilding...
[1mInitial chunk files[22m[2m | [22m[1mNames[22m[2m | [22m[1mRaw size[22m
[32mmain.js[39m            [2m | [22m[2mmain[22m [2m | [22m[36m66.15 kB[39m[2m | [22m

Application bundle generation complete. [0.458 seconds] - 2026-03-22T21:21:23.614Z

Component update sent to client(s).
[33m>[39m Changes detected. Rebuilding...
[32m√[39m Changes detected. Rebuilding...
[1mInitial chunk files[22m[2m | [22m[1mNames[22m[2m | [22m[1mRaw size[22m
[32mmain.js[39m            [2m | [22m[2mmain[22m [2m | [22m[36m66.15 kB[39m[2m | [22m

[1mLazy chunk files[22m   [2m | [22m[1mNames[22m[2m | [22m[1mRaw size[22m
[32mchunk-ASNF33OG.js[39m  [2m | [22m[2mmain[22m [2m | [22m [36m4.42 kB[39m[2m | [22m

Application bundle generation complete. [0.422 seconds] - 2026-03-22T21:22:31.810Z

Component update sent to client(s).
[33m>[39m Changes detected. Rebuilding...
[32m√[39m Changes detected. Rebuilding...
[1mInitial chunk files[22m[2m | [22m[1mNames[22m [2m | [22m[1mRaw size[22m
[32mstyles.css[39m         [2m | [22m[2mstyles[22m[2m | [22m[36m52.41 kB[39m[2m | [22m

Application bundle generation complete. [0.411 seconds] - 2026-03-22T21:26:39.436Z

Stylesheet update sent to client(s).
